/*
SQLyog - Free MySQL GUI v5.18
Host - 5.0.45-community-nt : Database - ariagroutil1
*********************************************************************
Server version : 5.0.45-community-nt
*/

SET NAMES utf8;

SET SQL_MODE='';

SET @OLD_FOREIGN_KEY_CHECKS=@@FOREIGN_KEY_CHECKS, FOREIGN_KEY_CHECKS=0;
SET @OLD_SQL_MODE=@@SQL_MODE, SQL_MODE='NO_AUTO_VALUE_ON_ZERO';

/*Table structure for table `appmenus` */

CREATE TABLE `appmenus` (
  `aplicacion` varchar(15) default '0',
  `Name` varchar(100) default '0',
  `caption` varchar(100) default '0',
  `indice` tinyint(3) default '0',
  `padre` smallint(3) unsigned default '0',
  `orden` tinyint(3) unsigned default NULL,
  `Contador` smallint(5) unsigned default NULL
) ENGINE=MyISAM DEFAULT CHARSET=latin1;

/*Data for the table `appmenus` */

/*Table structure for table `appmenususuario` */

CREATE TABLE `appmenususuario` (
  `aplicacion` varchar(15) NOT NULL default '0',
  `codusu` smallint(1) unsigned NOT NULL default '0',
  `codigo` smallint(3) unsigned NOT NULL default '0',
  `tag` varchar(100) default '0',
  PRIMARY KEY  (`aplicacion`,`codusu`,`codigo`)
) ENGINE=MyISAM DEFAULT CHARSET=latin1;

/*Data for the table `appmenususuario` */

/*Table structure for table `avnic` */

CREATE TABLE `avnic` (
  `codavnic` int(6) unsigned NOT NULL,
  `nombrper` varchar(40) NOT NULL,
  `nifperso` varchar(9) default NULL,
  `nifrepre` varchar(9) default NULL,
  `codposta` varchar(5) NOT NULL,
  `nomcalle` varchar(26) NOT NULL,
  `poblacio` varchar(30) NOT NULL,
  `provinci` varchar(30) NOT NULL,
  `codialta` tinyint(1) NOT NULL,
  `codbanco` smallint(4) NOT NULL,
  `codsucur` smallint(4) NOT NULL,
  `cuentaba` varchar(10) NOT NULL,
  `digcontr` varchar(2) NOT NULL,
  `imporper` decimal(9,2) NOT NULL,
  `imporret` decimal(9,2) NOT NULL,
  `anoejerc` smallint(4) NOT NULL,
  `nifpers1` varchar(9) default NULL,
  `fechalta` date NOT NULL,
  `nombper1` varchar(40) default NULL,
  `nomcall1` varchar(26) default NULL,
  `poblaci1` varchar(30) default NULL,
  `provinc1` varchar(30) default NULL,
  `codpost1` varchar(6) default NULL,
  `fechavto` date NOT NULL,
  `porcinte` decimal(5,2) NOT NULL,
  `importes` decimal(9,2) NOT NULL,
  `codmacta` varchar(10) NOT NULL,
  `observac` varchar(250) default NULL,
  PRIMARY KEY  (`codavnic`,`anoejerc`)
) ENGINE=InnoDB DEFAULT CHARSET=latin1;

/*Data for the table `avnic` */

/*Table structure for table `cabfact` */

CREATE TABLE `cabfact` (
  `codsecci` smallint(2) unsigned NOT NULL,
  `letraser` varchar(1) NOT NULL,
  `numfactu` int(7) unsigned NOT NULL,
  `fecfactu` date NOT NULL,
  `ctaclien` varchar(10) NOT NULL,
  `observac` varchar(250) default NULL,
  `intconta` tinyint(4) NOT NULL,
  `baseiva1` decimal(8,2) default NULL,
  `baseiva2` decimal(8,2) default NULL,
  `baseiva3` decimal(8,2) default NULL,
  `impoiva1` decimal(8,2) default NULL,
  `impoiva2` decimal(8,2) default NULL,
  `impoiva3` decimal(8,2) default NULL,
  `imporec1` decimal(8,2) default NULL,
  `imporec2` decimal(8,2) default NULL,
  `imporec3` decimal(8,2) default NULL,
  `totalfac` decimal(8,2) default NULL,
  `tipoiva1` smallint(2) default NULL,
  `tipoiva2` smallint(2) default NULL,
  `tipoiva3` smallint(2) default NULL,
  `porciva1` decimal(4,2) default NULL,
  `porciva2` decimal(4,2) default NULL,
  `porciva3` decimal(4,2) default NULL,
  `codforpa` smallint(6) NOT NULL,
  `porcrec1` decimal(4,2) default NULL,
  `porcrec2` decimal(4,2) default NULL,
  `porcrec3` decimal(4,2) default NULL,
  PRIMARY KEY  (`codsecci`,`letraser`,`numfactu`,`fecfactu`),
  CONSTRAINT `cabfact_ibfk_1` FOREIGN KEY (`codsecci`) REFERENCES `seccion` (`codsecci`)
) ENGINE=InnoDB DEFAULT CHARSET=latin1;

/*Data for the table `cabfact` */

insert into `cabfact` (`codsecci`,`letraser`,`numfactu`,`fecfactu`,`ctaclien`,`observac`,`intconta`,`baseiva1`,`baseiva2`,`baseiva3`,`impoiva1`,`impoiva2`,`impoiva3`,`imporec1`,`imporec2`,`imporec3`,`totalfac`,`tipoiva1`,`tipoiva2`,`tipoiva3`,`porciva1`,`porciva2`,`porciva3`,`codforpa`,`porcrec1`,`porcrec2`,`porcrec3`) values (3,'B',1,'2008-01-23','4300000002','aaa\r\na\r\na\r\na\r\n',1,'364.95',NULL,NULL,'14.60',NULL,NULL,'3.65',NULL,NULL,'383.20',1,NULL,NULL,'4.00',NULL,NULL,1,'1.00',NULL,NULL),(3,'B',2,'2008-01-23','4300000002',NULL,1,'95.00',NULL,NULL,'3.80',NULL,NULL,'0.95',NULL,NULL,'99.75',1,NULL,NULL,'4.00',NULL,NULL,1,'1.00',NULL,NULL),(3,'B',3,'2007-12-31','4300000002',NULL,1,'253.36',NULL,NULL,'10.13',NULL,NULL,'2.53',NULL,NULL,'266.02',1,NULL,NULL,'4.00',NULL,NULL,1,'1.00',NULL,NULL),(3,'B',4,'2007-12-31','4300000002',NULL,1,'10.25',NULL,NULL,'0.41',NULL,NULL,'0.10',NULL,NULL,'10.76',1,NULL,NULL,'4.00',NULL,NULL,1,'1.00',NULL,NULL),(3,'B',5,'2008-01-28','4300000002','12252\r\n154848\r\n211122\r\n',0,'15.25',NULL,NULL,'0.61',NULL,NULL,'0.15',NULL,NULL,'16.01',1,NULL,NULL,'4.00',NULL,NULL,1,'1.00',NULL,NULL);

/*Table structure for table `concefact` */

CREATE TABLE `concefact` (
  `codconce` smallint(3) unsigned NOT NULL,
  `nomconce` varchar(30) NOT NULL,
  `codmacta` varchar(10) NOT NULL,
  `tipoiva` smallint(2) NOT NULL,
  `numconta` smallint(2) NOT NULL,
  PRIMARY KEY  (`codconce`)
) ENGINE=InnoDB DEFAULT CHARSET=latin1;

/*Data for the table `concefact` */

insert into `concefact` (`codconce`,`nomconce`,`codmacta`,`tipoiva`,`numconta`) values (1,'DESCUENTO HANEGADAS','7000200001',3,2),(2,'ANTICIPO','7000200000',1,2),(3,'PRUEBA','7000000001',1,1);

/*Table structure for table `linfact` */

CREATE TABLE `linfact` (
  `codsecci` smallint(2) unsigned NOT NULL,
  `letraser` varchar(1) NOT NULL,
  `numfactu` int(7) unsigned NOT NULL,
  `fecfactu` date NOT NULL,
  `numlinea` smallint(2) NOT NULL,
  `codconce` smallint(3) unsigned NOT NULL,
  `ampliaci` varchar(50) default NULL,
  `importe` decimal(8,2) NOT NULL,
  `tipoiva` smallint(2) NOT NULL,
  PRIMARY KEY  (`codsecci`,`letraser`,`numfactu`,`fecfactu`,`numlinea`),
  KEY `FK_linfact` (`codconce`),
  CONSTRAINT `linfact_ibfk_1` FOREIGN KEY (`codconce`) REFERENCES `concefact` (`codconce`)
) ENGINE=InnoDB DEFAULT CHARSET=latin1;

/*Data for the table `linfact` */

insert into `linfact` (`codsecci`,`letraser`,`numfactu`,`fecfactu`,`numlinea`,`codconce`,`ampliaci`,`importe`,`tipoiva`) values (3,'B',1,'2008-01-23',1,3,'PRUEBA DE MODIFICACION','11.25',1),(3,'B',1,'2008-01-23',2,3,'ESTE ES OTRO IMPORTE','100.35',1),(3,'B',1,'2008-01-23',3,3,'OTRO QUE TAL','253.35',1),(3,'B',2,'2008-01-23',1,3,'PAPAPA','50.00',1),(3,'B',2,'2008-01-23',2,3,'RWEIERER','20.00',1),(3,'B',2,'2008-01-23',3,3,'URURTHRDNM','25.00',1),(3,'B',3,'2007-12-31',1,3,'KAKAKAKAK','253.36',1),(3,'B',4,'2007-12-31',1,3,'LALALA','10.25',1),(3,'B',5,'2008-01-28',1,3,'AAAAAA','15.25',1);

/*Table structure for table `movim` */

CREATE TABLE `movim` (
  `codavnic` int(6) unsigned NOT NULL,
  `anoejerc` smallint(4) unsigned NOT NULL,
  `fechamov` date NOT NULL,
  `concepto` varchar(35) NOT NULL,
  `timporte` decimal(10,2) default NULL,
  `intconta` tinyint(1) NOT NULL,
  `timport1` decimal(10,2) NOT NULL,
  `timport2` decimal(10,2) NOT NULL,
  PRIMARY KEY  (`codavnic`,`anoejerc`,`fechamov`)
) ENGINE=InnoDB DEFAULT CHARSET=latin1;

/*Data for the table `movim` */

/*Table structure for table `pcs` */

CREATE TABLE `pcs` (
  `codpc` smallint(5) unsigned NOT NULL default '0',
  `nompc` char(30) default NULL,
  `Conta` smallint(5) unsigned default NULL,
  PRIMARY KEY  (`codpc`)
) ENGINE=MyISAM DEFAULT CHARSET=latin1;

/*Data for the table `pcs` */

/*Table structure for table `scryst` */

CREATE TABLE `scryst` (
  `codcryst` smallint(4) unsigned NOT NULL default '0',
  `nomcryst` varchar(30) NOT NULL default '',
  `documrpt` varchar(100) NOT NULL default '',
  `codigiso` varchar(10) default NULL,
  `codigrev` tinyint(2) unsigned default NULL,
  `lineapi1` varchar(140) default NULL,
  `lineapi2` varchar(140) default NULL,
  `lineapi3` varchar(140) default NULL,
  `lineapi4` varchar(140) default NULL,
  `lineapi5` varchar(140) default NULL,
  PRIMARY KEY  (`codcryst`)
) ENGINE=InnoDB DEFAULT CHARSET=latin1 COMMENT='Tipos de Documentos';

/*Data for the table `scryst` */

insert into `scryst` (`codcryst`,`nomcryst`,`documrpt`,`codigiso`,`codigrev`,`lineapi1`,`lineapi2`,`lineapi3`,`lineapi4`,`lineapi5`) values (1,'Facturas Varias','CatFactVarias.rpt','',NULL,'','','','','');

/*Table structure for table `seccion` */

CREATE TABLE `seccion` (
  `codsecci` smallint(2) unsigned NOT NULL,
  `nomsecci` varchar(30) NOT NULL,
  `contador` int(7) NOT NULL,
  `letraser` varchar(1) NOT NULL,
  `numconta` smallint(2) NOT NULL,
  `raizcta` varchar(10) NOT NULL,
  PRIMARY KEY  (`codsecci`)
) ENGINE=InnoDB DEFAULT CHARSET=latin1;

/*Data for the table `seccion` */

insert into `seccion` (`codsecci`,`nomsecci`,`contador`,`letraser`,`numconta`,`raizcta`) values (1,'HORTOFRUTICOLA',0,'H',2,'40072'),(2,'HORTOFRUTICOLA COMERCIAL',0,'V',2,'43002'),(3,'CREADA',5,'B',1,'43000');

/*Table structure for table `seglinea` */

CREATE TABLE `seglinea` (
  `codlinea` smallint(3) unsigned NOT NULL,
  `nomlinea` varchar(25) NOT NULL,
  PRIMARY KEY  (`codlinea`)
) ENGINE=InnoDB DEFAULT CHARSET=latin1;

/*Data for the table `seglinea` */

insert into `seglinea` (`codlinea`,`nomlinea`) values (2,'LINEA ALBARICOQUE'),(9,'LINEA COMBINADO MELOCOTON'),(15,'LINEA CIRUELA'),(96,'MULTICULTIVO PLAN 2007'),(98,'COM.MULTICULTIVO 2007'),(100,'LINEA EXPLOTACIONES FRUTI'),(184,'EXPLO.CITRICOS 2007'),(188,'COM.EXPOLTACION 2007'),(637,'LINEA CAQUI 2007');

/*Table structure for table `segpoliza` */

CREATE TABLE `segpoliza` (
  `codrefer` varchar(10) NOT NULL,
  `codiplan` smallint(4) unsigned NOT NULL,
  `codlinea` smallint(3) unsigned NOT NULL,
  `colectiv` int(8) unsigned NOT NULL,
  `codmacta` varchar(10) NOT NULL,
  `nifasegu` varchar(9) NOT NULL,
  `nomasegu` varchar(35) NOT NULL,
  `fechaenv` date NOT NULL,
  `imppoliz` decimal(8,2) NOT NULL,
  `impinter` decimal(8,2) default NULL,
  `impampli` decimal(8,2) default NULL,
  `impreduc` decimal(8,2) default NULL,
  `intconta` tinyint(1) NOT NULL default '0',
  `inttesor` tinyint(1) NOT NULL default '0',
  PRIMARY KEY  (`codrefer`,`codiplan`,`codlinea`),
  KEY `FK_segpoliza` (`codlinea`),
  CONSTRAINT `segpoliza_ibfk_1` FOREIGN KEY (`codlinea`) REFERENCES `seglinea` (`codlinea`)
) ENGINE=InnoDB DEFAULT CHARSET=latin1;

/*Data for the table `segpoliza` */

insert into `segpoliza` (`codrefer`,`codiplan`,`codlinea`,`colectiv`,`codmacta`,`nifasegu`,`nomasegu`,`fechaenv`,`imppoliz`,`impinter`,`impampli`,`impreduc`,`intconta`,`inttesor`) values ('313722P2',2006,100,13609956,'1290001','20698873T','BONO CELDA,DOLORES','2006-12-20','53.61',NULL,'0.00','0.00',1,1),('313724P1',2006,100,13609956,'1960001','20699362Y','LLORENS PONS,JOSE','2006-12-20','57.87',NULL,'0.00','0.00',1,1),('313725P4',2006,100,13609956,'1980001','20746015S','BARBERA SABATER,JOSE','2006-12-20','394.60',NULL,'0.00','0.00',1,1),('313726P0',2006,100,13609956,'2000001','20763945M','GIL BONO,VICENTE','2006-12-20','1998.12',NULL,'0.00','0.00',1,1),('313727P3',2006,100,13609956,'2000002','20810163Q','BARBERA BISBAL,JOSE ENRIQUE','2006-12-20','147.84',NULL,'0.00','0.00',1,1),('313728P6',2006,100,13609956,'2010003','73772548W','BARBERA BISBAL,ANTONIO','2006-12-20','164.14',NULL,'0.00','0.00',1,1),('313729P2',2006,100,13609956,'2100001','73932632Y','CLIMENT GONZALEZ,ANTONIO','2006-12-20','2040.46',NULL,'0.00','0.00',1,1),('313861P6',2006,100,13609956,'4007200561','20698890V','BONO BAGUENA,VICENTE','2006-12-22','227.56',NULL,'0.00','0.00',0,1),('313862P2',2006,100,13609956,'4007201185','20776483P','DOS SANTOS,AMARAL BEATRIZ','2006-12-22','257.54',NULL,'0.00','0.00',0,1),('313863P5',2006,100,13609956,'4007201462','20778585V','ORTIZ SANTIAGO,ANTONIO','2006-12-22','2024.87',NULL,'0.00','0.00',0,1),('313864P1',2006,100,13609956,'4007201128','20794653P','BONO ESTEVE,TRINITARIO','2006-12-22','311.17',NULL,'0.00','0.00',0,1),('313865P4',2006,100,13609956,'4007201063','20795923J','SIMON BISBAL,Mª ANGELES','2006-12-22','397.88',NULL,'0.00','0.00',0,1),('313867P3',2006,100,13609956,'4007202129','20847589K','ALVENTOSA GARCIA,ARANTCHA','2006-12-22','591.33',NULL,'0.00','0.00',0,1),('313868P6',2006,100,13609956,'4100001','P9625206I','CLIMENT RUBIO,MAURICIO','2006-12-22','260.89','5.22','0.00','0.00',0,1),('313951P3',2006,9,13609934,'4007202064','73928932D','HERVAS HERVAS,MERCEDES','2006-12-27','884.13',NULL,'0.00','0.00',0,1),('313952P6',2006,100,13609956,'4007201567','20745410P','BUADES ARTES,RIGOBERTO','2006-12-27','2469.77',NULL,'0.00','0.00',0,1),('313953P2',2006,100,13609956,'4007200517','20746038S','CLIMENT BISBAL,VICENTE','2006-12-27','731.11',NULL,'0.00','0.00',0,1),('313954P5',2006,100,13609956,'4007202141','20855008B','CLIMENT MARTINEZ,DANIEL','2006-12-27','224.71',NULL,'0.00','0.00',0,1),('313955P1',2006,100,13609956,'4007200840','73929701L','MARTINEZ LLORENS,ROSA','2006-12-27','497.89',NULL,'0.00','0.00',0,1),('314020P0',2006,100,13609956,'4007201311','19484666D','ALVAREZ PERPIÑA,AMPARO','2006-12-28','166.07',NULL,'0.00','0.00',0,1),('314021P3',2006,100,13609956,'4007200623','20697941B','PERIS FERRANDO,JOSE SALVADOR','2006-12-28','326.21',NULL,'0.00','0.00',0,1),('314022P6',2006,100,13609956,'4007200835','20698545V','GIL JOARES,JOSEFA','2006-12-28','237.47',NULL,'0.00','0.00',0,1),('314023P2',2006,100,13609956,'4007200347','20746042L','GIL ESTARLICH,JOSE','2006-12-28','1051.34',NULL,'0.00','0.00',0,1),('314024P5',2006,100,13609956,'4007200773','20776281J','FLORDELIS APARISI,MARIA CARMEN','2006-12-28','239.58',NULL,'0.00','0.00',0,1),('314025P1',2006,100,13609956,'4007200825','20784031N','PERIS GIL,JOSE SALVADOR','2006-12-28','733.61',NULL,'0.00','0.00',0,1),('314026P4',2006,100,13609956,'4007202117','20799397Z','LLEDO TORRES,RAFAEL','2006-12-28','336.31',NULL,'0.00','0.00',0,1),('314027P0',2006,100,13609956,'4007202077','20800802Q','RUBIO POLO,JOSE','2006-12-28','90.04',NULL,'0.00','0.00',0,1),('314117P4',2006,9,13609934,'4007200310','20745711X','LLORENS SANZ,JOSE LUIS','2006-12-29','772.11',NULL,'0.00','0.00',0,1),('314118P0',2006,100,13609956,'4007200233','20698643T','OSCA SANANTON,JOSE','2006-12-29','269.13',NULL,'0.00','0.00',0,1),('314119P3',2006,100,13609956,'4007200210','20713968F','BARBERA FLORDELIS,JOSE LUIS','2006-12-29','327.38',NULL,'0.00','0.00',0,1),('314120P6',2006,100,13609956,'4007200263','20738639E','CLIMENT BARBERA,JOSE ENRIQUE','2006-12-29','589.08',NULL,'0.00','0.00',0,1),('314121P2',2006,100,13609956,'4007201256','20743887A','MARTINEZ GARCIA,CARMEN','2006-12-29','1078.02',NULL,'0.00','0.00',0,1),('314122P5',2006,100,13609956,'4007200864','20746010X','CLIMENT BONO,VICENTA','2006-12-29','241.30',NULL,'0.00','0.00',0,1),('314123P1',2006,100,13609956,'4007202146','20746048W','BISBAL BISBAL,JOSEFA','2006-12-29','137.35',NULL,'0.00','0.00',0,1),('314124P4',2006,100,13609956,'4007201275','20781650T','PERERA YAGUES,VICENTE','2006-12-29','413.94',NULL,'0.00','0.00',0,1),('314125P0',2006,100,13609956,'4007201269','20787515T','BARBERA MARTINEZ,JOSE LUIS','2006-12-29','472.89',NULL,'0.00','0.00',0,1),('314126P3',2006,100,13609956,'4007200928','20790666T','CLIMENT RUBIO,MARIA CONSUELO','2006-12-29','589.86',NULL,'0.00','0.00',0,1),('314127P6',2006,100,13609956,'4007201045','20807175H','SABATER BISBAL,JUAN MANUEL','2006-12-29','234.56',NULL,'0.00','0.00',0,1),('314128P2',2006,100,13609956,'4007200160','36805656K','GIMENO LOPEZ,FERNANDO','2006-12-29','239.58',NULL,'0.00','0.00',0,1),('314130P1',2006,100,13609956,'4007201279','73926444M','MONTAGUD ORTIZ,JOSEFA','2006-12-29','382.98',NULL,'0.00','0.00',0,1),('314131P4',2006,100,13609956,'4007200588','73930892Z','MARTINEZ DIEZ,MODESTO','2006-12-29','143.31',NULL,'0.00','0.00',0,1),('314180P4',2006,100,13609956,'4007200809','20726929L','SANZ AÑO,JOSEFA','2007-01-02','412.06',NULL,'0.00','0.00',0,1),('314182P3',2006,100,13609956,'4007200158','20755455W','BISBAL NOVERQUES,VICENTE','2007-01-02','676.45',NULL,'0.00','0.00',0,1),('314183P6',2006,100,13609956,'4007200853','20779725F','LOPEZ AÑO,JOSE','2007-01-02','281.86',NULL,'0.00','0.00',0,1),('314184P2',2006,100,13609956,'4007202142','20787231S','CLIMENT SERRANO,MARIA CONSUELO','2007-01-02','207.91',NULL,'0.00','0.00',0,1),('314185P5',2006,100,13609956,'4007200870','20792812F','ORTIZ SANTIAGO,VICENTE','2007-01-02','799.87',NULL,'0.00','0.00',0,1),('314186P1',2006,100,13609956,'4007200812','20792930X','MOLLA CLIMENT,ANTONIO MANUEL','2007-01-02','647.54',NULL,'0.00','0.00',0,1),('314187P4',2006,100,13609956,'4007202140','24382936S','ALVENTOSA GARCIA,OSCAR','2007-01-02','662.79',NULL,'0.00','0.00',0,1),('314188P0',2006,100,13609956,'4007200634','73929718J','CLIMENT TOLMOS,JUAN LUIS','2007-01-02','775.90',NULL,'0.00','0.00',0,1),('314189P3',2006,100,13609956,'4007200731','73942712N','ASENSI BONO,EMILIO','2007-01-02','197.30',NULL,'0.00','0.00',0,1),('314220P5',2006,100,13609956,'4007200747','19343808A','SANZ LLORENS,JUANA','2007-01-03','174.04',NULL,'0.00','0.00',0,1),('314221P1',2006,100,13609956,'4007201393','20746112C','LUCAS BONO,BERNARDO','2007-01-03','560.81',NULL,'0.00','0.00',0,1),('314222P4',2006,100,13609956,'4007200371','20762138S','CLIMENT APARISI,VICENTE ENRIQUE','2007-01-03','213.25',NULL,'0.00','0.00',0,1),('314223P0',2006,100,13609956,'4007200639','20763498H','GIL BONO,AMADOR','2007-01-03','567.55',NULL,'0.00','0.00',0,1),('314224P3',2006,100,13609956,'4007201014','20770520W','BARBERA MARTINEZ,MIGUEL ANGEL','2007-01-03','169.12',NULL,'0.00','0.00',0,1),('314225P6',2006,100,13609956,'4007200654','20780763X','GARCIA DIRANZO,ANA JUANA','2007-01-03','243.71',NULL,'0.00','0.00',0,1),('314226P2',2006,100,13609956,'4007201942','20815988E','BONO DOSANTOS,JOSE ANTONIO','2007-01-03','425.39',NULL,'0.00','0.00',0,1),('314227P5',2006,100,13609956,'4007202047','20833974E','CLIMENT BARBERA,VICENTE','2007-01-03','319.32',NULL,'0.00','0.00',0,1),('314228P1',2006,100,13609956,'4007202048','20833975T','CLIMENT BARBERA,MARIA AMPARO','2007-01-03','136.78',NULL,'0.00','0.00',0,1),('314229P4',2006,100,13609956,'4007202043','20834682V','ESCAMILLA ORTIZ,JOSE','2007-01-03','155.94',NULL,'0.00','0.00',0,1),('314230P0',2006,100,13609956,'4007202132','20847204G','ALVENTOSA GARCIA,SANDRA','2007-01-03','421.29',NULL,'0.00','0.00',0,1),('314231P3',2006,100,13609956,'4007201530','22620591E','BARBERA SAEZ,DESAMPARADOS','2007-01-03','140.92',NULL,'0.00','0.00',0,1),('314232P6',2006,100,13609956,'4007201730','73549618B','BONO DONAT,VERONICA','2007-01-03','295.67',NULL,'0.00','0.00',0,1),('314233P2',2006,100,13609956,'4007200614','73925136P','SANANTON ESQUER,VICENTE','2007-01-03','364.42',NULL,'0.00','0.00',0,1),('314267P6',2006,100,13609956,'4007202062','19596033X','LAFUENTE PEÑARROCHA,CARMEN','2007-01-04','152.32',NULL,'0.00','0.00',0,1),('314268P2',2006,100,13609956,'4007200010','19759075M','CLIMENT BARBERA,ENRIQUE','2007-01-04','112.74',NULL,'0.00','0.00',0,1),('314269P5',2006,100,13609956,'4007200889','20698266Z','BONO ORTIZ,CONCEPCION','2007-01-04','480.74',NULL,'0.00','0.00',0,1),('314271P4',2006,100,13609956,'4007200504','20755515Q','CLIMENT APARISI,RAFAEL','2007-01-04','207.91',NULL,'0.00','0.00',0,1),('314272P0',2006,100,13609956,'4007200681','20765722B','ADAM BOLUDA,CARLOS','2007-01-04','410.35',NULL,'0.00','0.00',0,1),('314273P3',2006,100,13609956,'4007200738','20778095X','BISBAL MOLLA,MARIA DOLORES','2007-01-04','277.00',NULL,'0.00','0.00',0,1),('314274P6',2006,100,13609956,'4007200880','20778455W','LLISO SOLA,JOSE','2007-01-04','97.48',NULL,'0.00','0.00',0,1),('314275P2',2006,100,13609956,'4007201312','20779726P','MINGUEZ SANZ,FRANCISCO','2007-01-04','24.37',NULL,'0.00','0.00',0,1),('314276P5',2006,100,13609956,'4007200777','20792856M','CLIMENT BONO,VICENTE ENRIQUE','2007-01-04','592.16',NULL,'0.00','0.00',0,1),('314277P1',2006,100,13609956,'4007200833','20807205W','CLIMENT BONO,JOSE CARLOS','2007-01-04','507.34',NULL,'0.00','0.00',0,1),('314278P4',2006,100,13609956,'4007200946','25422711Y','CLIMENT APARISI,RAFAEL','2007-01-04','535.53',NULL,'0.00','0.00',0,1),('314279P0',2006,100,13609956,'4007201560','25422792H','CLIMENT APARISI,MARIA ROSARIO','2007-01-04','94.98',NULL,'0.00','0.00',0,1),('314282P2',2006,100,13609956,'4007202049','73772547R','BARBERA BISBAL,MARIA JESUS','2007-01-04','90.43',NULL,'0.00','0.00',0,1),('314283P5',2006,100,13609956,'4007200390','73924974F','BISBAL ESTRUCH,AURELIO','2007-01-04','121.85',NULL,'0.00','0.00',0,1),('314284P1',2006,100,13609956,'4007202144','73935218Q','SANZ BALLESTER,ANA','2007-01-04','212.04',NULL,'0.00','0.00',0,1),('314301P3',2006,9,13609934,'4007200698','20699294F','ADAM CANET,CONCEPCION','2007-01-05','594.02',NULL,'0.00','0.00',0,1),('314302P6',2006,9,13609934,'4007201843','20699356T','FORES BALLESTER,DOLORES','2007-01-05','643.23',NULL,'0.00','0.00',0,1),('314303P2',2006,9,13609934,'4007201339','20699393Z','NOVERQUES FLORDELIS,PEDRO JUAN','2007-01-05','728.68',NULL,'0.00','0.00',0,1),('314326P1',2006,9,13609934,'4007200723','20755638R','SALVADOR BISBAL,JOSE','2007-01-08','463.15',NULL,'0.00','0.00',0,1),('314328P0',2006,100,13609956,'4007200569','19802952K','BISBAL ESCAMILLA,JOAQUIN','2007-01-08','213.24',NULL,'0.00','0.00',0,1),('314330P6',2006,100,13609956,'4007200693','20727709V','BARBERA CLIMENT,ANTONIO','2007-01-08','182.77',NULL,'0.00','0.00',0,1),('314331P2',2006,100,13609956,'4007200803','20745970Q','CLIMENT APARISI,REMEDIOS','2007-01-08','466.27',NULL,'0.00','0.00',0,1),('314332P5',2006,100,13609956,'4007200600','20754606G','CABEZON MECINAS,JUAN','2007-01-08','197.30',NULL,'0.00','0.00',0,1),('314333P1',2006,100,13609956,'4007201102','20771568S','BISBAL ROIG,VICENTE ENRIQUE','2007-01-08','164.14',NULL,'0.00','0.00',0,1),('314392P3',2006,9,13609934,'4007202080','73549621Z','GIL BARBERA,MARIA JOSE','2007-01-09','187.75',NULL,'0.00','0.00',0,1),('314393P6',2006,9,13609934,'4007200779','73934342Z','GIL OSCA,DOLORES','2007-01-09','773.71',NULL,'0.00','0.00',0,1),('314394P2',2006,15,13609945,'4007202080','73549621Z','GIL BARBERA,MARIA JOSE','2007-01-09','47.54',NULL,'0.00','0.00',0,1),('314395P5',2006,100,13609956,'4007200593','19437525H','ROSA ROVIRA,ENRIQUE JAIME','2007-01-09','440.66',NULL,'0.00','0.00',0,1),('314396P1',2006,100,13609956,'4007200896','20766913Y','GARCIA BALLESTER,JOSEFA','2007-01-09','365.56',NULL,'0.00','0.00',0,1),('314397P4',2006,100,13609956,'4007200972','24340849H','DURA MIQUEL,BEGOÑA','2007-01-09','820.69',NULL,'0.00','0.00',0,1),('314398P0',2006,100,13609956,'4007201781','73561825M','ROSA BISBAL,MARIA VICENTA','2007-01-09','474.92',NULL,'0.00','0.00',0,1),('314399P3',2006,100,13609956,'4007201861','73772582J','CORBERA GIL,VICENTE MIGUEL','2007-01-09','410.35',NULL,'0.00','0.00',0,1),('314400P6',2006,100,13609956,'4007202118','73929707W','FLORDELIS APARISI,CECILIA','2007-01-09','225.48',NULL,'0.00','0.00',0,1),('314401P2',2006,100,13609956,'4007202065','73938809L','NAVARRO CHASAN,CARMEN','2007-01-09','206.03',NULL,'0.00','0.00',0,1),('314456P6',2006,9,13609934,'4007200053','19370152N','BARBERA NOVERQUES,SEBASTIAN','2007-01-10','258.98',NULL,'0.00','0.00',0,1),('314458P5',2006,9,13609934,'4007200332','20746054P','BISBAL ESTRUCH,JOSE MARIA','2007-01-10','1100.42',NULL,'0.00','0.00',0,1),('314459P1',2006,9,13609934,'4007201968','73936711Z','CANET ESCAMILLA,MARIA CARMEN','2007-01-10','283.99',NULL,'0.00','0.00',0,1),('314460P4',2006,100,13609956,'4007201974','20691705P','HERRAN HERVAS,VICENTA','2007-01-10','738.63',NULL,'0.00','0.00',0,1),('314461P0',2006,100,13609956,'4007200700','20698542Z','LLISO BISBAL,ROSAURA','2007-01-10','490.20',NULL,'0.00','0.00',0,1),('314462P3',2006,100,13609956,'4007201303','20699329L','ORTIZ BARBERA,MARIA','2007-01-10','346.59',NULL,'0.00','0.00',0,1),('314463P6',2006,100,13609956,'4007200404','20722668J','DIEZ SOLA,SALVADOR','2007-01-10','348.10',NULL,'0.00','0.00',0,1),('314464P2',2006,100,13609956,'4007200539','20746045E','ESTEVE ADAM,VICENTE','2007-01-10','168.91',NULL,'0.00','0.00',0,1),('314465P5',2006,100,13609956,'4007200411','20746093R','LLORENS ANTON,VICENTE','2007-01-10','81.55',NULL,'0.00','0.00',0,1),('314466P1',2006,100,13609956,'4007202143','20752039J','GIMENO GIL,ASUNCION','2007-01-10','334.31',NULL,'0.00','0.00',0,1),('314467P4',2006,100,13609956,'4007202112','20769894C','MONZO HERRAN,ROSA MARIA','2007-01-10','189.96',NULL,'0.00','0.00',0,1),('314468P0',2006,100,13609956,'4007201939','20769936Q','OSCA MATEU,JOSEFA','2007-01-10','472.71',NULL,'0.00','0.00',0,1),('314469P3',2006,100,13609956,'4007200687','20784087E','LLORENS LLISO,PEDRO MANUEL','2007-01-10','1542.33',NULL,'0.00','0.00',0,1),('314470P6',2006,100,13609956,'4007201114','73942546F','JUANES TORTOLA,JOSE MIGUEL','2007-01-10','599.91',NULL,'0.00','0.00',0,1),('314517P0',2006,2,13609923,'4007202017','E96135439','TAPIA LOPEZ, C.B. ,','2007-01-11','165.72',NULL,'0.00','0.00',0,1),('314518P3',2006,9,13609934,'4007202017','E96135439','TAPIA LOPEZ, C.B. ,','2007-01-11','1162.13',NULL,'0.00','0.00',0,1),('314519P6',2006,9,13609934,'4007200358','20699308K','SANTIAGO BALLESTER,JOSE','2007-01-11','334.97',NULL,'0.00','0.00',0,1),('314520P2',2006,9,13609934,'4007200879','20771629F','CELDA TARIN,EDUARDO','2007-01-11','2740.45',NULL,'0.00','0.00',0,1),('314521P5',2006,15,13609945,'4007200655','73640261B','LAZA SOLA,FRANCISCO','2007-01-11','89.15',NULL,'0.00','0.00',0,1),('314522P1',2006,100,13609956,'4007200085','20698287N','LLORENS SANZ,CELESTINO','2007-01-11','221.40',NULL,'0.00','0.00',0,1),('314524P0',2006,100,13609956,'4007200275','20755516V','FERRANDO BISBAL,JOSE MARIA','2007-01-11','153.53',NULL,'0.00','0.00',0,1),('314525P3',2006,100,13609956,'4007200761','20757130K','DONATE GIL,ALFREDO','2007-01-11','118.27',NULL,'0.00','0.00',0,1),('314526P6',2006,100,13609956,'4007202108','20774565E','MORANTE VALERO,EDUARDO MATIAS','2007-01-11','111.97',NULL,'0.00','0.00',0,1),('314527P2',2006,100,13609956,'4007201297','20775998Y','CANET NOVERQUES,MARIA REMEDIOS','2007-01-11','225.48',NULL,'0.00','0.00',0,1),('314528P5',2006,100,13609956,'4007201522','20796169Y','SANTOTOMAS MARTINEZ,JOSE VICENTE','2007-01-11','755.44',NULL,'0.00','0.00',0,1),('314530P4',2006,100,13609956,'4007202127','20836973P','FERRANDO CANET,JORGE','2007-01-11','765.99',NULL,'0.00','0.00',0,1),('314531P0',2006,100,13609956,'4007202126','20836975X','FERRANDO CANET,DAVID','2007-01-11','281.86',NULL,'0.00','0.00',0,1),('314532P3',2006,100,13609956,'4007200797','22527434S','SANZ BALLESTER,VICENTE','2007-01-11','296.60',NULL,'0.00','0.00',0,1),('314533P6',2006,100,13609956,'4007202125','73570059M','FERRANDO CANET,JOSEP MARIA','2007-01-11','656.56',NULL,'0.00','0.00',0,1),('314534P2',2006,100,13609956,'4007200498','73927727T','SOLA BONO,JOSE MARIA','2007-01-11','328.28',NULL,'0.00','0.00',0,1),('314582P6',2006,9,13609934,'4007201546','20737534K','CLARIANA TAMPIA,JOAQUIN','2007-01-12','1252.53',NULL,'0.00','0.00',0,1),('314583P2',2006,100,13609956,'4007201162','20786795Q','BONO ESTEVE,MIGUEL ANGEL','2007-01-12','221.63',NULL,'0.00','0.00',0,1),('314584P5',2006,100,13609956,'4007201118','20807186Y','CLIMENT ALVAREZ,ROBERTO','2007-01-12','260.46',NULL,'0.00','0.00',0,1),('314585P1',2006,100,13609956,'4007202116','52641480T','GUIJARRO NATIVIDAD,JOSEFA','2007-01-12','183.20',NULL,'0.00','0.00',0,1),('314586P4',2006,100,13609956,'4007202155','52743372W','CAMPOS BOSCH,M. AMPARO','2007-01-12','277.96',NULL,'0.00','0.00',0,1),('314587P0',2006,100,13609956,'4007201610','73549615P','GIL ALFONSO,ANA PILAR','2007-01-12','177.40',NULL,'0.00','0.00',0,1),('314588P3',2006,100,13609956,'4007200559','73933976Q','ALVENTOSA MARTINEZ,MIGUEL','2007-01-12','219.33',NULL,'0.00','0.00',0,1),('314644P3',2006,100,13609956,'4007201292','19716837H','CHOLVI GIRONA,JOSEFA','2007-01-15','267.91',NULL,'0.00','0.00',0,1),('314645P6',2006,100,13609956,'4007200653','20746027G','SANANTON ESQUER,AMELIA','2007-01-15','128.57',NULL,'0.00','0.00',0,1),('314646P2',2006,100,13609956,'4007202041','20746564N','ALEMANY MORENO,ADOLFO','2007-01-15','141.06',NULL,'0.00','0.00',0,1),('314647P5',2006,100,13609956,'4007200357','20757302D','FRECHINA RUIZ,CRISTOBAL','2007-01-15','533.11',NULL,'0.00','0.00',0,1),('314648P1',2006,100,13609956,'4007202058','20776958T','FERRER AÑO,LAURA','2007-01-15','58.37',NULL,'0.00','0.00',0,1),('314715P6',2006,100,13609956,'4007200718','20698661H','GIL JOARES,MARIA','2007-01-16','228.13',NULL,'0.00','0.00',0,1),('314716P2',2006,100,13609956,'4007201144','20773247S','BALAGUER SERRANO,MIGUEL ANGEL','2007-01-16','26.28',NULL,'0.00','0.00',0,1),('314717P5',2006,100,13609956,'4007200826','20780977V','PERIS GIL,BARBARA MARIA','2007-01-16','214.21',NULL,'0.00','0.00',0,1),('314718P1',2006,100,13609956,'4007202147','22601926X','GIMENEZ LENDINEZ,ANDRES','2007-01-16','666.57',NULL,'0.00','0.00',0,1),('314719P4',2006,100,13609956,'4007201983','73772479W','GIL BARBERA,LOURDES','2007-01-16','121.85',NULL,'0.00','0.00',0,1),('314782P4',2006,9,13609934,'4007200920','22548211T','SANZ BALLESTER,MARIA CARMEN','2007-01-17','479.33',NULL,'0.00','71.12',0,1),('314783P0',2006,100,13609956,'4007200644','20772705W','BARBERA JOARES,PEDRO','2007-01-17','429.96',NULL,'0.00','0.00',0,1),('314784P3',2006,100,13609956,'4007202026','20781793M','NOGUES MARTINEZ,JOSEFA','2007-01-17','767.66',NULL,'0.00','0.00',0,1),('314785P6',2006,100,13609956,'4007201453','20804228S','MOLLA CLIMENT,MARIA ANGELES','2007-01-17','445.14',NULL,'0.00','0.00',0,1),('314786P2',2006,100,13609956,'4007202119','53603595W','BARBERA PUCHALT,PEDRO JUAN','2007-01-17','473.07',NULL,'0.00','0.00',0,1),('314787P5',2006,100,13609956,'4007202120','73534850D','PUCHALT VIDAL,AMPARO','2007-01-17','42.28',NULL,'0.00','0.00',0,1),('314788P1',2006,100,13609956,'4007200875','73925733F','MOLL CABANES,ROSA','2007-01-17','281.86',NULL,'0.00','0.00',0,1),('314789P4',2006,100,13609956,'4007200876','73943837X','MIQUEL MOLL,ROSA','2007-01-17','140.43',NULL,'0.00','0.00',0,1),('314923P0',2006,100,13609956,'4007201507','A46352373','FUGARPA, S.A. ,','2007-01-18','1378.73',NULL,'0.00','0.00',0,1),('315042P0',2006,9,13609934,'4007200386','20699256S','ESTEVE CLIMENT,FRANCISCO','2007-01-19','225.76',NULL,'0.00','0.00',0,1),('315043P3',2006,9,13609934,'4007201576','73935957L','CABRERA HIGUERAS,JUAN','2007-01-19','1408.14',NULL,'0.00','0.00',0,1),('315044P6',2006,100,13609956,'4007202135','20764880C','SANZ BALLESTER,FIDEL','2007-01-19','155.41',NULL,'0.00','0.00',0,1),('315173P1',2006,637,13609960,'4007200747','19343808A','SANZ LLORENS,JUANA','2007-01-23','326.43',NULL,'0.00','0.00',0,0),('315174P4',2006,637,13609960,'4007200010','19759075M','CLIMENT BARBERA,ENRIQUE','2007-01-23','638.63',NULL,'0.00','0.00',0,0),('315175P0',2006,637,13609960,'4007200889','20698266Z','BONO ORTIZ,CONCEPCION','2007-01-23','307.50',NULL,'0.00','0.00',0,0),('315176P3',2006,637,13609960,'4007200487','20746015S','BARBERA SABATER,JOSE','2007-01-23','141.92',NULL,'0.00','0.00',0,0),('315179P5',2006,637,13609960,'4007200833','20807205W','CLIMENT BONO,JOSE CARLOS','2007-01-23','331.15',NULL,'0.00','0.00',0,0),('315180P1',2006,637,13609960,'4007201942','20815988E','BONO DOSANTOS,JOSE ANTONIO','2007-01-23','16.09',NULL,'0.00','0.00',0,0),('315181P4',2006,637,13609960,'4007202132','20847204G','ALVENTOSA GARCIA,SANDRA','2007-01-23','98.71',NULL,'0.00','0.00',0,0),('315182P0',2006,637,13609960,'4007202064','73928932D','HERVAS HERVAS,MERCEDES','2007-01-23','223.73',NULL,'0.00','0.00',0,0),('315196P0',2006,637,13609960,'4007200053','19370152N','BARBERA NOVERQUES,SEBASTIAN','2007-01-24','94.62',NULL,'0.00','0.00',0,0),('315197P3',2006,637,13609960,'4007201970','20698664K','SABATER ARAGONES,HORTENSIA','2007-01-24','394.81',NULL,'0.00','0.00',0,0),('315199P2',2006,637,13609960,'4007201526','20698873T','BONO CELDA,DOLORES','2007-01-24','354.81',NULL,'0.00','0.00',0,0),('315201P1',2006,637,13609960,'4007201303','20699329L','ORTIZ BARBERA,MARIA','2007-01-24','19.30',NULL,'0.00','0.00',0,0),('315202P4',2006,637,13609960,'4007200809','20726929L','SANZ AÑO,JOSEFA','2007-01-24','35.48',NULL,'0.00','0.00',0,0),('315205P6',2006,637,13609960,'4007200539','20746045E','ESTEVE ADAM,VICENTE','2007-01-24','41.39',NULL,'0.00','0.00',0,0),('315206P2',2006,637,13609960,'4007200504','20755515Q','CLIMENT APARISI,RAFAEL','2007-01-24','331.15',NULL,'0.00','0.00',0,0),('315207P5',2006,637,13609960,'4007200371','20762138S','CLIMENT APARISI,VICENTE ENRIQUE','2007-01-24','94.62',NULL,'0.00','0.00',0,0),('315208P1',2006,637,13609960,'4007200604','20763945M','GIL BONO,VICENTE','2007-01-24','354.81',NULL,'0.00','0.00',0,0),('315209P4',2006,637,13609960,'4007201624','20805563Q','CLIMENT RUBIO,OLGA','2007-01-24','357.96',NULL,'0.00','0.00',0,0),('315210P0',2006,637,13609960,'4007201861','73772582J','CORBERA GIL,VICENTE MIGUEL','2007-01-24','118.27',NULL,'0.00','0.00',0,0),('315212P6',2006,637,13609960,'4007200840','73929701L','MARTINEZ LLORENS,ROSA','2007-01-24','33.12',NULL,'0.00','0.00',0,0),('315213P2',2006,637,13609960,'4007200779','73934342Z','GIL OSCA,DOLORES','2007-01-24','48.26',NULL,'0.00','0.00',0,0),('315215P1',2006,637,13609960,'4007200857','73942720C','PERIS BARBERA,VICENTE','2007-01-24','16.09',NULL,'0.00','0.00',0,0),('315240P6',2006,637,13609960,'4007200277','04392519W','SANCHEZ DEL OLMO,EUSEBIO','2007-01-25','189.23',NULL,'0.00','0.00',0,0),('315241P2',2006,637,13609960,'4007200750','19821672L','MARTINEZ BISBAL,JUAN','2007-01-25','9.65',NULL,'0.00','0.00',0,0),('315242P5',2006,637,13609960,'4007201347','20697628C','CORBERA TOMAS,MERCEDES','2007-01-25','222.45',NULL,'0.00','11.14',0,0),('315243P1',2006,637,13609960,'4007200561','20698890V','BONO BAGUENA,VICENTE','2007-01-25','35.48',NULL,'0.00','0.00',0,0),('315244P4',2006,637,13609960,'4007200149','20698956Z','ALVAREZ BONO,TOMAS','2007-01-25','307.50',NULL,'0.00','0.00',0,0),('315245P0',2006,637,13609960,'4007202054','20699923S','PERIS MARTINEZ,PILAR','2007-01-25','342.98',NULL,'0.00','0.00',0,0),('315246P3',2006,637,13609960,'4007202150','20713966M','BARBERA AMIGO,ROSA','2007-01-25','80.41',NULL,'0.00','0.00',0,0),('315247P6',2006,637,13609960,'4007202100','20732829P','CASTELLO MARTI,CARMEN ROSA','2007-01-25','662.30',NULL,'0.00','0.00',0,0),('315248P2',2006,637,13609960,'4007200803','20745970Q','CLIMENT APARISI,REMEDIOS','2007-01-25','137.19',NULL,'0.00','0.00',0,0),('315249P5',2006,637,13609960,'4007200653','20746027G','SANANTON ESQUER,AMELIA','2007-01-25','496.73',NULL,'0.00','0.00',0,0),('315250P1',2006,637,13609960,'4007200347','20746042L','GIL ESTARLICH,JOSE','2007-01-25','70.96',NULL,'0.00','0.00',0,0),('315251P4',2006,637,13609960,'4007200332','20746054P','BISBAL ESTRUCH,JOSE MARIA','2007-01-25','54.41',NULL,'0.00','0.00',0,0),('315252P0',2006,637,13609960,'4007202041','20746564N','ALEMANY MORENO,ADOLFO','2007-01-25','165.58',NULL,'0.00','0.00',0,0),('315253P3',2006,637,13609960,'4007200158','20755455W','BISBAL NOVERQUES,VICENTE','2007-01-25','70.96',NULL,'0.00','0.00',0,0),('315254P6',2006,637,13609960,'4007200357','20757302D','FRECHINA RUIZ,CRISTOBAL','2007-01-25','462.98',NULL,'0.00','0.00',0,0),('315255P2',2006,637,13609960,'4007202075','20778544E','ORTIZ ADAM,ENRIQUE','2007-01-25','350.07',NULL,'0.00','0.00',0,0),('315256P5',2006,637,13609960,'4007200825','20784031N','PERIS GIL,JOSE SALVADOR','2007-01-25','70.96',NULL,'0.00','0.00',0,0),('315257P1',2006,637,13609960,'4007201162','20786795Q','BONO ESTEVE,MIGUEL ANGEL','2007-01-25','128.66',NULL,'0.00','0.00',0,0),('315258P4',2006,637,13609960,'4007200928','20790666T','CLIMENT RUBIO,MARIA CONSUELO','2007-01-25','94.62',NULL,'0.00','0.00',0,0),('315259P0',2006,637,13609960,'4007200945','20792858F','AÑO PERIS,JOSE EMILIO','2007-01-25','709.59',NULL,'0.00','0.00',0,0),('315260P3',2006,637,13609960,'4007201222','20798230C','BARBERA MARTINEZ,REYES','2007-01-25','70.96',NULL,'0.00','0.00',0,0),('315261P6',2006,637,13609960,'4007202119','53603595W','BARBERA PUCHALT,PEDRO JUAN','2007-01-25','160.83',NULL,'0.00','0.00',0,0),('315262P2',2006,637,13609960,'4007201545','73527577G','CLIMENT MORATO,JUAN BOSCO','2007-01-25','212.89',NULL,'0.00','0.00',0,0),('315263P5',2006,637,13609960,'4007201730','73549618B','BONO DONAT,VERONICA','2007-01-25','32.17',NULL,'0.00','0.00',0,0),('315264P1',2006,637,13609960,'4007200365','73929740N','FLORDELIS BARBERA,JOSE MANUEL','2007-01-25','283.85',NULL,'0.00','0.00',0,0),('315265P4',2006,637,13609960,'4007200849','73942722E','NOVERQUES FERRANDO,CARMEN','2007-01-25','47.31',NULL,'0.00','0.00',0,0),('315266P0',2006,637,13609960,'4007200850','73942745E','NOVERQUES FERRANDO,ROSARIO','2007-01-25','106.44',NULL,'0.00','0.00',0,0),('315324P6',2006,637,13609960,'4007202091','E97186894','BOLUDA ROCHER, C.B. ,','2007-01-29','141.92',NULL,'0.00','0.00',0,0),('315325P2',2006,637,13609960,'4007200801','19830399Y','MARTINEZ ORTIZ,CLAUDIO','2007-01-29','47.31',NULL,'0.00','0.00',0,0),('315326P5',2006,637,13609960,'4007202063','20777954F','LLORENS FORES,SOFIA','2007-01-29','82.78',NULL,'0.00','0.00',0,0),('315327P1',2006,637,13609960,'4007200687','20784087E','LLORENS LLISO,PEDRO MANUEL','2007-01-29','694.13',NULL,'0.00','0.00',0,0),('315328P4',2006,637,13609960,'4007202044','20784964W','BONO CLIMENT,JOSE VICENTE','2007-01-29','136.89',NULL,'0.00','0.00',0,0),('315341P1',2006,637,13609960,'4007201973','19850562K','SANCHO SANCHEZ,LEONOR','2007-01-30','82.25',NULL,'0.00','0.00',0,0),('315343P0',2006,637,13609960,'4007201297','20775998Y','CANET NOVERQUES,MARIA REMEDIOS','2007-01-30','201.06',NULL,'0.00','0.00',0,0),('315362P1',2006,637,13609960,'4007200352','19383282D','ORTIZ CLIMENT,LEOPOLDO','2007-01-31','493.52',NULL,'0.00','0.00',0,0),('315363P4',2006,637,13609960,'4007200838','20698712T','ZORITA FLORDELIS,ARACELI','2007-01-31','70.96',NULL,'0.00','0.00',0,0),('315364P0',2006,637,13609960,'4007200128','20698943R','MARTINEZ MIQUEL,JOSE','2007-01-31','28.96',NULL,'0.00','0.00',0,0),('315365P3',2006,637,13609960,'4007200310','20745711X','LLORENS SANZ,JOSE LUIS','2007-01-31','354.81',NULL,'0.00','0.00',0,0),('315366P6',2006,637,13609960,'4007200998','22552181Z','BALAGUER SERRANO,REMEDIOS','2007-01-31','164.51',NULL,'0.00','0.00',0,0),('315367P2',2006,637,13609960,'4007201514','22666445Z','MATA RODRIGUEZ,JUANA','2007-01-31','230.31',NULL,'0.00','0.00',0,0),('315368P5',2006,637,13609960,'4007200614','73925136P','SANANTON ESQUER,VICENTE','2007-01-31','12.30',NULL,'0.00','0.00',0,0),('315386P3',2006,637,13609960,'4007200225','20745701T','CLIMENT ALEMANY,ROBERTO','2007-02-01','95.56',NULL,'0.00','48.24',0,0),('315388P2',2006,637,13609960,'4007200658','37413889L','DAVID FORTUNY,ELIA','2007-02-01','70.96',NULL,'0.00','0.00',0,0),('315429P6',2006,637,13609960,'4007200233','20698643T','OSCA SANANTON,JOSE','2007-02-05','64.15',NULL,'0.00','0.00',0,0),('315430P2',2006,637,13609960,'4007200550','20756019Z','CUÑAT ROCA,ALFREDO','2007-02-05','35.48',NULL,'0.00','0.00',0,0),('315431P5',2006,637,13609960,'4007202111','20774084R','MONZO HERRAN,FRANCISCO','2007-02-05','136.89',NULL,'0.00','0.00',0,0),('315432P1',2006,637,13609960,'4007202093','20792721P','MONZO HERRAN,GEMA','2007-02-05','136.89',NULL,'0.00','0.00',0,0),('315433P4',2006,637,13609960,'4007201537','20792813P','BISBAL CLIMENT,JUAN MANUEL','2007-02-05','11.82',NULL,'0.00','0.00',0,0),('315434P0',2006,637,13609960,'4007201453','20804228S','MOLLA CLIMENT,MARIA ANGELES','2007-02-05','21.38',NULL,'0.00','0.00',0,0),('315435P3',2006,637,13609960,'4007202034','73928147Y','LIÑANA TORRES,ANTONIO','2007-02-05','118.27',NULL,'0.00','0.00',0,0),('315592P5',2006,637,13609960,'4007201262','19399961J','SELLES ARBONA,JOSE','2007-02-12','153.97',NULL,'90.58','0.00',0,0),('315593P1',2006,637,13609960,'4007200836','20746096G','SANZ CHOLVI,VICENTA','2007-02-12','292.06',NULL,'193.57','0.00',0,0),('315594P4',2006,637,13609960,'4007202105','48327996M','MOLL HERRERO,VICENTA','2007-02-12','658.02',NULL,'0.00','0.00',0,1),('315595P0',2006,637,13609960,'4007201897','73938547X','BARBERA MARTINEZ,MARIA DOLORES','2007-02-12','102.94',NULL,'0.00','38.22',0,0),('318038P0',2006,9,13609934,'4007201554','22513540J','MARTINEZ CERVERO,JUAN','2007-03-08','318.88',NULL,'0.00','0.00',0,1),('333610P5',2007,96,13636582,'4007200357','20757302D','FRECHINA RUIZ,CRISTOBAL','2007-05-02','18.82',NULL,'0.00','0.00',0,0),('333611P1',2007,96,13636582,'4007200578','73923458D','LLORENS ANTON,RODOLFO','2007-05-02','24.02',NULL,'0.00','0.00',0,0),('333612P4',2007,96,13636582,'4007200875','73925733F','MOLL CABANES,ROSA','2007-05-02','86.62',NULL,'0.00','0.00',0,0),('333613P0',2007,96,13636582,'4007200876','73943837X','MIQUEL MOLL,ROSA','2007-05-02','42.09',NULL,'0.00','0.00',0,0),('334796P0',2007,96,13636582,'4007202150','20713966M','BARBERA AMIGO,ROSA','2007-05-03','162.35',NULL,'0.00','0.00',0,0),('335972P0',2007,96,13636582,'4007200747','19343808A','SANZ LLORENS,JUANA','2007-05-04','135.27',NULL,'0.00','0.00',0,0),('335973P3',2007,96,13636582,'4007200653','20746027G','SANANTON ESQUER,AMELIA','2007-05-04','118.28',NULL,'0.00','0.00',0,1),('335974P6',2007,96,13636582,'4007200723','20755638R','SALVADOR BISBAL,JOSE','2007-05-04','63.98',NULL,'0.00','0.00',0,0),('335975P2',2007,96,13636582,'4007201462','20778585V','ORTIZ SANTIAGO,ANTONIO','2007-05-04','16.07',NULL,'0.00','0.00',0,0),('335976P5',2007,96,13636582,'4007202043','20834682V','ESCAMILLA ORTIZ,JOSE','2007-05-04','231.16',NULL,'0.00','0.00',0,0),('335977P1',2007,96,13636582,'4007202134','44873556G','SANZ IRANZO,FERNANDO','2007-05-04','120.49',NULL,'0.00','0.00',0,0),('335978P4',2007,96,13636582,'4007202133','73583297H','CLIMENT OSCA,LETICIA','2007-05-04','139.18',NULL,'0.00','0.00',0,0),('335981P6',2007,96,13636582,'4007200840','73929701L','MARTINEZ LLORENS,ROSA','2007-05-04','62.83',NULL,'0.00','0.00',0,0),('335982P2',2007,184,13636593,'4007200561','20698890V','BONO BAGUENA,VICENTE','2007-05-04','593.28',NULL,'0.00','0.00',0,0),('337116P2',2007,96,13636582,'4007200623','20697941B','PERIS FERRANDO,JOSE SALVADOR','2007-05-07','10.62',NULL,'0.00','0.00',0,0),('337117P5',2007,96,13636582,'4007200803','20745970Q','CLIMENT APARISI,REMEDIOS','2007-05-07','80.36',NULL,'0.00','0.00',0,0),('337118P1',2007,96,13636582,'4007200566','20746249L','MANCHANO BISBAL,AMADOR','2007-05-07','4.67',NULL,'0.00','0.00',0,1),('337119P4',2007,96,13636582,'4007201297','20775998Y','CANET NOVERQUES,MARIA REMEDIOS','2007-05-07','74.70',NULL,'0.00','0.00',0,0),('337120P0',2007,96,13636582,'4007202092','20776663G','ROCA MORENO,RAFAEL','2007-05-07','202.66',NULL,'0.00','0.00',0,0),('337121P3',2007,96,13636582,'4007202058','20776958T','FERRER AÑO,LAURA','2007-05-07','125.86',NULL,'0.00','0.00',0,0),('337122P6',2007,96,13636582,'4007202063','20777954F','LLORENS FORES,SOFIA','2007-05-07','74.63',NULL,'0.00','0.00',0,0),('337123P2',2007,96,13636582,'4007201222','20798230C','BARBERA MARTINEZ,REYES','2007-05-07','29.29',NULL,'0.00','0.00',0,0),('337124P5',2007,96,13636582,'4007202126','20836975X','FERRANDO CANET,DAVID','2007-05-07','1.79',NULL,'0.00','0.00',0,0),('337125P1',2007,96,13636582,'4007201882','44861983T','CLIMENT RUBIO,MAURICIO','2007-05-07','87.52',NULL,'0.00','0.00',0,0),('337126P4',2007,96,13636582,'4007201383','73772452K','CLIMENT RUBIO,NOELIA','2007-05-07','58.46',NULL,'0.00','0.00',0,0),('337127P0',2007,96,13636582,'4007201861','73772582J','CORBERA GIL,VICENTE MIGUEL','2007-05-07','16.81',NULL,'0.00','0.00',0,0),('337128P3',2007,96,13636582,'4007200390','73924974F','BISBAL ESTRUCH,AURELIO','2007-05-07','49.07',NULL,'0.00','0.00',0,0),('337129P6',2007,96,13636582,'4007200779','73934342Z','GIL OSCA,DOLORES','2007-05-07','125.24',NULL,'0.00','0.00',0,0),('337131P5',2007,184,13636593,'4007200826','20780977V','PERIS GIL,BARBARA MARIA','2007-05-07','653.30',NULL,'1.25','0.00',0,0),('337131P5',2007,188,13636593,'4007200826','20780977V','PERIS GIL,BARBARA MARIA','2007-08-02','294.66',NULL,'0.00','0.00',0,0),('337132P1',2007,184,13636593,'4007200825','20784031N','PERIS GIL,JOSE SALVADOR','2007-05-07','1536.38',NULL,'0.00','0.00',0,0),('337132P1',2007,188,13636593,'4007200825','20784031N','PERIS GIL,JOSE SALVADOR','2007-08-02','76.29',NULL,'0.00','0.00',0,0),('337899P6',2007,96,13636582,'4007200691','19481994M','CLIMENT ALEMANY,EMILIO','2007-05-08','345.67',NULL,'0.00','0.00',0,0),('337900P2',2007,96,13636582,'4007200694','20698302G','BARBERA CLIMENT,JOSEFA','2007-05-08','140.40',NULL,'0.00','0.00',0,0),('337901P5',2007,96,13636582,'4007200692','20698346W','BARBERA CLIMENT,VICENTE','2007-05-08','67.64',NULL,'0.00','0.00',0,0),('337902P1',2007,96,13636582,'4007200700','20698542Z','LLISO BISBAL,ROSAURA','2007-05-08','13.90',NULL,'0.00','0.00',0,0),('337903P4',2007,96,13636582,'4007200693','20727709V','BARBERA CLIMENT,ANTONIO','2007-05-08','60.48',NULL,'0.00','0.00',0,0),('337904P0',2007,96,13636582,'4007200116','20745996L','DONAT BISBAL,ENRIQUE','2007-05-08','48.66',NULL,'0.00','0.00',0,0),('337905P3',2007,96,13636582,'4007200819','20753826Y','CLIMENT BARBERA,JUAN AMADOR','2007-05-08','55.66',NULL,'0.00','0.00',0,0),('337906P6',2007,96,13636582,'4007201185','20776483P','DOS SANTOS,AMARAL BEATRIZ','2007-05-08','14.72',NULL,'0.00','0.00',0,0),('337907P2',2007,96,13636582,'4007200981','20782320A','AÑO CORBERA,ERNESTO','2007-05-08','495.80',NULL,'0.00','0.00',0,0),('337908P5',2007,96,13636582,'4007202047','20833974E','CLIMENT BARBERA,VICENTE','2007-05-08','388.91',NULL,'0.00','0.00',0,0),('337909P1',2007,96,13636582,'4007202048','20833975T','CLIMENT BARBERA,MARIA AMPARO','2007-05-08','130.68',NULL,'0.00','0.00',0,0),('337910P4',2007,96,13636582,'4007201530','22620591E','BARBERA SAEZ,DESAMPARADOS','2007-05-08','33.78',NULL,'0.00','0.00',0,0),('337911P0',2007,96,13636582,'4007201225','73549602H','JOSE BAGUENA,BISBAL','2007-05-08','69.95',NULL,'0.00','0.00',0,0),('337912P3',2007,96,13636582,'4007200508','73924978B','CLIMENT MARTINEZ,VICENTE RAFAEL','2007-05-08','927.10',NULL,'0.00','0.00',0,0),('337913P6',2007,96,13636582,'4007201897','73938547X','BARBERA MARTINEZ,MARIA DOLORES','2007-05-08','15.93',NULL,'0.00','0.00',0,0),('337914P2',2007,184,13636593,'4007200588','73930892Z','MARTINEZ DIEZ,MODESTO','2007-05-08','86.72',NULL,'0.00','0.00',0,0),('338835P0',2007,96,13636582,'4007200300','20699714J','GIL BARBERA,VICENTE','2007-05-09','9.16',NULL,'0.00','0.00',0,0),('338836P3',2007,96,13636582,'4007200279','20699799Y','AÑO JUANES,VIRGILIO','2007-05-09','66.92',NULL,'0.00','0.00',0,1),('338837P6',2007,96,13636582,'4007200651','20739125W','MARTINEZ LLORENS,RAFAEL','2007-05-09','224.51',NULL,'0.00','0.00',0,0),('338838P2',2007,96,13636582,'4007200411','20746093R','LLORENS ANTON,VICENTE','2007-05-09','32.76',NULL,'0.00','0.00',0,0),('338839P5',2007,96,13636582,'4007200604','20763945M','GIL BONO,VICENTE','2007-05-09','423.80',NULL,'0.00','0.00',0,0),('338840P1',2007,96,13636582,'4007201257','73925267R','BISBAL LLORENS,MARIA CARMEN','2007-05-09','75.67',NULL,'0.00','0.00',0,0),('338841P4',2007,96,13636582,'4007201356','73935092M','LUCAS BONO,BALTASAR','2007-05-09','72.71',NULL,'0.00','0.00',0,0),('338842P0',2007,184,13636593,'4007201206','20763299A','PELECHANO SANZ,REMIGIO','2007-05-09','97.86',NULL,'0.00','0.00',0,0),('339561P1',2007,96,13636582,'4007200751','19816009Z','MARTINEZ BISBAL,JOAQUIN','2007-05-10','24.93',NULL,'0.00','0.00',0,0),('339562P4',2007,96,13636582,'4007200085','20698287N','LLORENS SANZ,CELESTINO','2007-05-10','289.33',NULL,'0.00','0.00',0,0),('339563P0',2007,96,13636582,'4007200834','20698816N','BISBAL LLORENS,FERNANDO','2007-05-10','119.06',NULL,'0.00','0.00',0,0),('339564P3',2007,96,13636582,'4007201942','20815988E','BONO DOSANTOS,JOSE ANTONIO','2007-05-10','46.12',NULL,'0.00','0.00',0,0),('339565P6',2007,96,13636582,'4007201296','73938556L','BARTUAL GIL,MARIA CARMEN','2007-05-10','3.66',NULL,'0.00','0.00',0,0),('340281P5',2007,96,13636582,'4007200841','73772666M','SANZ SAEZ,EVA MARIA','2007-05-11','221.61',NULL,'0.00','0.00',0,0),('341016P5',2007,96,13636582,'4007200167','20699385Y','ADAM CANET,ANDRES','2007-05-14','105.29',NULL,'0.00','0.00',0,0),('341640P1',2007,96,13636582,'4007201497','20792825C','BONO DONAT,MANUEL ENRIQUE','2007-05-15','147.21',NULL,'0.00','0.00',0,0),('341640P1',2007,98,13636582,'4007201497','20792825C','BONO DONAT,MANUEL ENRIQUE','2007-08-03','55.79',NULL,'0.00','0.00',0,0),('341641P4',2007,96,13636582,'4007200614','73925136P','SANANTON ESQUER,VICENTE','2007-05-15','29.95',NULL,'0.00','0.00',0,0),('341642P0',2007,184,13636593,'4007201279','73926444M','MONTAGUD ORTIZ,JOSEFA','2007-05-15','1264.20',NULL,'0.00','0.00',0,0),('342198P2',2007,96,13636582,'4007200871','20698279G','ESTEVE JOARES,ANA','2007-05-16','19.00',NULL,'0.00','0.00',0,0),('342199P5',2007,96,13636582,'4007200571','20698588Z','CURSA ESTEVE,FRANCISCO','2007-05-16','11.96',NULL,'0.00','0.00',0,0),('342200P1',2007,96,13636582,'4007200809','20726929L','SANZ AÑO,JOSEFA','2007-05-16','797.59',NULL,'0.00','0.00',0,0),('342201P4',2007,96,13636582,'4007201217','20746046T','BISBAL BALAGUER,JUAN','2007-05-16','166.46',NULL,'0.00','0.00',0,0),('342202P0',2007,96,13636582,'4007200135','20746057B','BALAGUER CALABUIG,JOSE MARIA','2007-05-16','31.10',NULL,'0.00','0.00',0,0),('342203P3',2007,96,13636582,'4007200550','20756019Z','CUÑAT ROCA,ALFREDO','2007-05-16','90.35',NULL,'0.00','0.00',0,0),('342204P6',2007,96,13636582,'4007202108','20774565E','MORANTE VALERO,EDUARDO MATIAS','2007-05-16','23.31',NULL,'0.00','0.00',0,0),('342205P2',2007,96,13636582,'4007200880','20778455W','LLISO SOLA,JOSE','2007-05-16','102.62',NULL,'0.00','0.00',0,0),('342206P5',2007,96,13636582,'4007200853','20779725F','LOPEZ AÑO,JOSE','2007-05-16','127.53',NULL,'0.00','0.00',0,0),('342207P1',2007,96,13636582,'4007201312','20779726P','MINGUEZ SANZ,FRANCISCO','2007-05-16','52.87',NULL,'0.00','0.00',0,0),('342208P4',2007,96,13636582,'4007200687','20784087E','LLORENS LLISO,PEDRO MANUEL','2007-05-16','567.21',NULL,'0.00','0.00',0,0),('342210P3',2007,96,13636582,'4007200636','73929721Q','BALAGUER CALABUIG,RAMON','2007-05-16','67.50',NULL,'0.00','0.00',0,0),('342735P3',2007,184,13636593,'4007200345','20746060Z','SOLA BONO,VICENTE','2007-05-17','311.60',NULL,'0.00','0.00',0,0),('343439P1',2007,96,13636582,'4007201102','20771568S','BISBAL ROIG,VICENTE ENRIQUE','2007-05-18','333.92',NULL,'0.00','0.00',0,0),('343440P4',2007,96,13636582,'4007200738','20778095X','BISBAL MOLLA,MARIA DOLORES','2007-05-18','77.02',NULL,'0.00','0.00',0,0),('343441P0',2007,184,13636593,'4007200852','19460737T','GONZALEZ BAENA,DIEGO','2007-05-18','56.01',NULL,'0.00','0.00',0,0),('343442P3',2007,184,13636593,'4007202124','73582774R','GONZALEZ BISBAL,DIEGO JOSE','2007-05-18','85.34',NULL,'0.00','0.00',0,0),('343443P6',2007,184,13636593,'4007202098','73582775W','GONZALEZ BISBAL,MARIA ISABEL','2007-05-18','156.42',NULL,'0.00','0.00',0,0),('344507P6',2007,96,13636582,'4007201311','19484666D','ALVAREZ PERPIÑA,AMPARO','2007-05-21','85.73',NULL,'0.00','0.00',0,0),('344508P2',2007,96,13636582,'4007200347','20746042L','GIL ESTARLICH,JOSE','2007-05-21','28.09',NULL,'0.00','0.00',0,0),('344509P5',2007,96,13636582,'4007200879','20771629F','CELDA TARIN,EDUARDO','2007-05-21','166.68',NULL,'0.00','0.00',0,0),('344510P1',2007,96,13636582,'4007200978','73772496L','GIL ALVAREZ,JOSE VICENTE','2007-05-21','23.03',NULL,'0.00','0.00',0,0),('345637P1',2007,96,13636582,'4007200030','20698989R','SABATER ARAGONES,JUAN FRANCISCO','2007-05-22','521.41',NULL,'0.00','0.00',0,0),('345638P4',2007,96,13636582,'4007200332','20746054P','BISBAL ESTRUCH,JOSE MARIA','2007-05-22','87.76',NULL,'0.00','0.00',0,0),('345639P0',2007,96,13636582,'4007200658','37413889L','DAVID FORTUNY,ELIA','2007-05-22','13.17',NULL,'0.00','0.00',0,0),('346715P1',2007,96,13636582,'4007201917','20764768T','BARBERA AÑO,ROSA MARIA','2007-05-23','292.55',NULL,'0.00','0.00',0,0),('346716P4',2007,96,13636582,'4007200612','30879017E','LUQUE MUÑOZ,RAFAEL','2007-05-23','42.81',NULL,'0.00','0.00',0,0),('346717P0',2007,96,13636582,'4007202016','73932632Y','CLIMENT GONZALEZ,ANTONIO','2007-05-23','741.53',NULL,'0.00','0.00',0,0),('347632P1',2007,96,13636582,'4007200349','20737274Z','BONO FERRIS,TOMAS','2007-05-24','779.95',NULL,'0.00','0.00',0,1),('348529P4',2007,96,13636582,'4007202091','E97186894','BOLUDA ROCHER, C.B. ,','2007-05-25','294.55',NULL,'0.00','0.00',0,0),('348530P0',2007,96,13636582,'4007200898','20698578G','FLORDELIS BARBERA,JOSEFA','2007-05-25','185.61',NULL,'0.00','0.00',0,0),('348531P3',2007,96,13636582,'4007200639','20763498H','GIL BONO,AMADOR','2007-05-25','46.56',NULL,'0.00','0.00',0,0),('350126P0',2007,96,13636582,'4007202057','20790683V','FERRER AÑO,MERCEDES','2007-05-31','132.44',NULL,'0.00','0.00',0,0),('350127P3',2007,96,13636582,'4007200812','20792930X','MOLLA CLIMENT,ANTONIO MANUEL','2007-05-31','12.35',NULL,'0.00','0.00',0,0),('350755P4',2007,96,13636582,'4007200264','20657297P','POLLAN ALONSO,LUIS','2007-06-05','82.60',NULL,'0.00','0.00',0,0),('350756P0',2007,96,13636582,'4007200517','20746038S','CLIMENT BISBAL,VICENTE','2007-06-05','81.08',NULL,'0.00','0.00',0,0),('350757P3',2007,96,13636582,'4007200504','20755515Q','CLIMENT APARISI,RAFAEL','2007-06-05','103.50',NULL,'0.00','0.00',0,0),('350758P6',2007,96,13636582,'4007201613','20762677W','GIL SABATER,JULIO','2007-06-05','65.20',NULL,'0.00','0.00',0,0),('350759P2',2007,96,13636582,'4007201508','22535375K','BALAGUER SERRANO,MARIA JOSEFA','2007-06-05','24.79',NULL,'0.00','0.00',0,0),('350760P5',2007,96,13636582,'4007202027','52641294K','POLLAN SANZ,MARIA CONSUELO','2007-06-05','23.21',NULL,'0.00','0.00',0,0),('351128P3',2007,96,13636582,'4007200847','20792881F','ESTARLICH OSCA,VICENTE','2007-06-06','126.82',NULL,'0.00','0.00',0,0),('351129P6',2007,96,13636582,'4007200731','73942712N','ASENSI BONO,EMILIO','2007-06-06','9.87',NULL,'0.00','0.00',0,0),('351455P4',2007,96,13636582,'4007202146','20746048W','BISBAL BISBAL,JOSEFA','2007-06-07','88.89',NULL,'0.00','0.00',0,0),('351456P0',2007,96,13636582,'4007201275','20781650T','PERERA YAGUES,VICENTE','2007-06-07','133.98',NULL,'0.00','0.00',0,0),('361657F5',2007,96,13636582,'4007201843','20699356T','FORES BALLESTER,DOLORES','2007-06-11','34.38',NULL,'0.00','0.00',0,0),('361657K2',2007,96,13636582,'4007202080','73549621Z','GIL BARBERA,MARIA JOSE','2007-06-11','35.41',NULL,'0.00','0.00',0,0),('361658F1',2007,96,13636582,'4007200699','73929713P','CLIMENT APARISI,JOSEFA','2007-06-11','293.53',NULL,'0.00','0.00',0,0),('361787K0',2007,96,13636582,'4007200290','20380096A','LLISO BISBAL,DELFIN','2007-06-12','37.35',NULL,'0.00','0.00',0,0),('361788F6',2007,96,13636582,'4007200677','20745710D','RAFAEL ESCRIBA,QUILES','2007-06-12','99.21',NULL,'0.00','0.00',0,0),('361789F2',2007,96,13636582,'4007200769','20777349T','BISBAL GARCIA,JUAN DAMASCENO','2007-06-12','63.81',NULL,'0.00','0.00',0,0),('361790F5',2007,96,13636582,'4007200385','73925444V','GIL MIQUEL,CASIMIRO','2007-06-12','65.81',NULL,'0.00','0.00',0,0),('362079K1',2007,96,13636582,'4007200352','19383282D','ORTIZ CLIMENT,LEOPOLDO','2007-06-14','74.99',NULL,'0.00','0.00',0,0),('362081K0',2007,96,13636582,'4007200702','20698503K','NOVERQUES MONZO,FILOMENA','2007-06-14','82.32',NULL,'0.00','0.00',0,0),('362082F6',2007,96,13636582,'4007200697','20698590Q','RUIZ ESTEVE,AMALIA','2007-06-14','8.64',NULL,'0.00','0.00',0,1),('362082K3',2007,96,13636582,'4007200810','20698789P','BOIX PUIG,CARMEN','2007-06-14','105.74',NULL,'0.00','0.00',0,0),('362083K6',2007,96,13636582,'4007201339','20699393Z','NOVERQUES FLORDELIS,PEDRO JUAN','2007-06-14','110.36',NULL,'0.00','0.00',0,0),('362084F5',2007,96,13636582,'4007202054','20699923S','PERIS MARTINEZ,PILAR','2007-06-14','23.42',NULL,'0.00','0.00',0,0),('362084K2',2007,96,13636582,'4007201393','20746112C','LUCAS BONO,BERNARDO','2007-06-14','48.78',NULL,'0.00','0.00',0,0),('362085K5',2007,96,13636582,'4007200896','20766913Y','GARCIA BALLESTER,JOSEFA','2007-06-14','109.81',NULL,'0.00','0.00',0,0),('362086F4',2007,96,13636582,'4007201200','20789231Z','SANZ TARIN,JORGE','2007-06-14','579.14',NULL,'0.00','0.00',0,0),('362086K1',2007,96,13636582,'4007202083','20789552J','RUIZ VILLANUEVA,PEDRO','2007-06-14','61.65',NULL,'0.00','0.00',0,0),('362087F0',2007,96,13636582,'4007200928','20790666T','CLIMENT RUBIO,MARIA CONSUELO','2007-06-14','46.69',NULL,'0.00','0.00',0,0),('362087K4',2007,96,13636582,'4007201688','20791423K','NAVARRO FERRER,FERNANDO','2007-06-14','51.77',NULL,'0.00','0.00',0,0),('362088K0',2007,96,13636582,'4007200650','73925139B','ORTIZ CLIMENT,MARIA CONSUELO','2007-06-14','41.94',NULL,'0.00','0.00',0,0),('362089F6',2007,96,13636582,'4007200739','73929776W','SOLA BONO,LUIS','2007-06-14','197.64',NULL,'0.00','0.00',0,0),('362089K3',2007,96,13636582,'4007200559','73933976Q','ALVENTOSA MARTINEZ,MIGUEL','2007-06-14','277.61',NULL,'0.00','0.00',0,0),('362090K6',2007,96,13636582,'4007200849','73942722E','NOVERQUES FERRANDO,CARMEN','2007-06-14','128.38',NULL,'0.00','0.00',0,0),('362091F5',2007,96,13636582,'4007200850','73942745E','NOVERQUES FERRANDO,ROSARIO','2007-06-14','6.73',NULL,'0.00','0.00',0,0),('362292F6',2007,96,13636582,'4007200277','04392519W','SANCHEZ DEL OLMO,EUSEBIO','2007-06-15','107.29',NULL,'0.00','0.00',0,0),('362292K3',2007,96,13636582,'4007201256','20743887A','MARTINEZ GARCIA,CARMEN','2007-06-15','58.47',NULL,'0.00','0.00',0,0),('362293F2',2007,96,13636582,'4007201545','73527577G','CLIMENT MORATO,JUAN BOSCO','2007-06-15','79.85',NULL,'0.00','0.00',0,0),('362293K6',2007,96,13636582,'4007201685','73772539Q','CANET TOMAS,RAQUEL','2007-06-15','41.52',NULL,'0.00','0.00',0,0),('362294F5',2007,184,13636593,'4007201288','20804311Y','GIL NOVERQUES,MARIA JESUS','2007-06-15','135.90',NULL,'0.00','0.00',0,0),('362294K2',2007,184,13636593,'4007202145','73930421A','OCHEDA HERVAS,AMPARO','2007-06-15','198.02',NULL,'0.00','0.00',0,1),('362608K6',2007,96,13636582,'4007200891','73938554V','FLORDELIS SANZ,DOLORES','2007-06-18','21.28',NULL,'0.00','0.00',0,0),('362669K0',2007,96,13636582,'4007200804','73929697S','BAREA MOYA,JOAQUIN','2007-06-19','83.42',NULL,'0.00','0.00',0,0),('362783F2',2007,96,13636582,'4007201906','73942525D','CORBERA LOPEZ,ROSA MARIA','2007-06-25','32.90',NULL,'0.00','0.00',0,0),('362985K3',2007,96,13636582,'4007201303','20699329L','ORTIZ BARBERA,MARIA','2007-06-28','47.57',NULL,'0.00','0.00',0,0),('362986F2',2007,96,13636582,'4007201554','22513540J','MARTINEZ CERVERO,JUAN','2007-06-28','21.09',NULL,'0.00','0.00',0,0),('362986K6',2007,96,13636582,'4007202065','73938809L','NAVARRO CHASAN,CARMEN','2007-06-28','175.68',NULL,'0.00','0.00',0,0),('363117K0',2007,96,13636582,'4007200831','20698635S','OLTRA SAEZ,LUZ','2007-07-03','213.22',NULL,'0.00','0.00',0,0),('363181F6',2007,96,13636582,'4007202018','20780475K','CANET ROIG,MARIA TERESA','2007-07-04','125.05',NULL,'0.00','0.00',0,0),('363263F0',2007,96,13636582,'4007201974','20691705P','HERRAN HERVAS,VICENTA','2007-07-09','137.86',NULL,'0.00','0.00',0,0),('363263K4',2007,96,13636582,'4007202093','20792721P','MONZO HERRAN,GEMA','2007-07-09','3.97',NULL,'0.00','0.00',0,0),('363560K6',2007,96,13636582,'4007201162','20786795Q','BONO ESTEVE,MIGUEL ANGEL','2007-07-23','152.55',NULL,'0.00','0.00',0,0),('363561F5',2007,96,13636582,'4007202156','73941155L','DOMENECH RODRIGUEZ,RAMON','2007-07-23','67.95',NULL,'0.00','0.00',0,0);

/*Table structure for table `sempre` */

CREATE TABLE `sempre` (
  `codempre` smallint(3) NOT NULL default '0',
  `nomempre` varchar(40) NOT NULL default '',
  `domempre` varchar(40) NOT NULL default '',
  `codposta` varchar(6) NOT NULL default '',
  `pobempre` varchar(35) NOT NULL default '',
  `proempre` varchar(35) NOT NULL default '',
  `nifempre` varchar(9) NOT NULL default '',
  `telempre` varchar(10) default NULL,
  `faxempre` varchar(10) default NULL,
  `wwwempre` varchar(100) default NULL,
  `maiempre` varchar(100) default NULL,
  `perempre` varchar(40) default NULL,
  PRIMARY KEY  (`codempre`)
) ENGINE=InnoDB DEFAULT CHARSET=latin1;

/*Data for the table `sempre` */

insert into `sempre` (`codempre`,`nomempre`,`domempre`,`codposta`,`pobempre`,`proempre`,`nifempre`,`telempre`,`faxempre`,`wwwempre`,`maiempre`,`perempre`) values (1,'AGRICOLA DE CATADAU S.COOP.V.','Plaza España, 1','46196','CATADAU','VALENCIA','F46038881','962550503','962990323',NULL,'conta.coopcatadau@coopcatadau.e.telefonica.net','Quique');

/*Table structure for table `sparam` */

CREATE TABLE `sparam` (
  `codparam` smallint(1) NOT NULL default '0',
  `serconta` varchar(20) default NULL,
  `usuconta` varchar(20) default NULL,
  `pasconta` varchar(20) default NULL,
  `numconta` smallint(2) default NULL,
  `ctagasto` varchar(10) default NULL COMMENT 'Cta.Contable contado',
  `ctareten` varchar(10) default NULL COMMENT 'Cta.Dif.Negativas.',
  `websoporte` varchar(100) default NULL,
  `diremail` varchar(50) default NULL,
  `smtphost` varchar(50) default NULL,
  `smtpuser` varchar(50) default NULL,
  `smtppass` varchar(50) default NULL,
  `porcinte` decimal(5,2) NOT NULL default '0.00',
  `porcrete` decimal(5,2) NOT NULL default '0.00',
  `concedebe` smallint(4) NOT NULL,
  `concehaber` smallint(4) NOT NULL,
  `numdiario` smallint(4) NOT NULL,
  `seguros` tinyint(1) NOT NULL default '0' COMMENT 'Hay seguros',
  `avnics` tinyint(1) NOT NULL default '0' COMMENT 'Hay Avnics',
  `telefonia` tinyint(1) NOT NULL default '0' COMMENT 'Hay Telefonia',
  `sercontaseg` varchar(20) default NULL COMMENT 'servidor conta Seguros',
  `usucontaseg` varchar(20) default NULL COMMENT 'usuario conta Seguros',
  `pascontaseg` varchar(20) default NULL COMMENT 'pwda conta Seguros',
  `numcontaseg` smallint(2) default NULL COMMENT 'numconta Seguros',
  `concedebeseg` smallint(4) NOT NULL default '0' COMMENT 'Conce Debe Seguros',
  `concehaberseg` smallint(4) NOT NULL default '0' COMMENT 'Conce Haber Seguros',
  `numdiarioseg` smallint(4) NOT NULL default '0' COMMENT 'NumDiario Seguros',
  `ctabancoseg` varchar(10) default NULL COMMENT 'CtaBanco Seguros',
  `raizctasocseg` varchar(10) default NULL COMMENT 'Raiz Cta Socios Seguros',
  `sercontatel` varchar(20) default NULL COMMENT 'servidor conta Telefonia',
  `usucontatel` varchar(20) default NULL COMMENT 'usuario conta Telefonia',
  `pascontatel` varchar(20) default NULL COMMENT 'pwd conta Telefonia',
  `numcontatel` smallint(2) default NULL COMMENT 'numconta Telefonia',
  `concedebetel` smallint(4) NOT NULL default '0' COMMENT 'Conce Debe Telefonia',
  `concehabertel` smallint(4) NOT NULL default '0' COMMENT 'Conce Haber Telefonia',
  `numdiariotel` smallint(4) NOT NULL default '0' COMMENT 'Numdiario Telefonia',
  `raizctasoctel` varchar(10) default NULL COMMENT 'Raiz Cta Socios Telefonia',
  `ctabancotel` varchar(10) default NULL COMMENT 'CtaBanco Telefonia',
  `ctaventatel` varchar(10) default NULL COMMENT 'CtaVenta Telefonia',
  `numserietel` varchar(1) NOT NULL,
  `sercontafac` varchar(20) default NULL,
  `usucontafac` varchar(20) default NULL,
  `pascontafac` varchar(20) default NULL,
  `facturasvarias` tinyint(1) NOT NULL default '0',
  PRIMARY KEY  (`codparam`)
) ENGINE=InnoDB DEFAULT CHARSET=latin1;

/*Data for the table `sparam` */

insert into `sparam` (`codparam`,`serconta`,`usuconta`,`pasconta`,`numconta`,`ctagasto`,`ctareten`,`websoporte`,`diremail`,`smtphost`,`smtpuser`,`smtppass`,`porcinte`,`porcrete`,`concedebe`,`concehaber`,`numdiario`,`seguros`,`avnics`,`telefonia`,`sercontaseg`,`usucontaseg`,`pascontaseg`,`numcontaseg`,`concedebeseg`,`concehaberseg`,`numdiarioseg`,`ctabancoseg`,`raizctasocseg`,`sercontatel`,`usucontatel`,`pascontatel`,`numcontatel`,`concedebetel`,`concehabertel`,`numdiariotel`,`raizctasoctel`,`ctabancotel`,`ctaventatel`,`numserietel`,`sercontafac`,`usucontafac`,`pascontafac`,`facturasvarias`) values (1,'localhost','root','aritel',2,'6630200001','4750200003','www.ariadnasoftware.com','conta.coopcatadau@coopcatadau.e.telefonica.net','smtp.e.telefonica.net','conta.coopcatadau@coopcatadau.e.telefonica.net','00830962','4.00','18.00',1,2,1,1,1,1,'localhost','root','aritel',2,3,4,1,'5700002','4100','localhost','root','aritel',2,1,1,1,'43000','5720000001','7000000006','T','localhost','root','aritel',1);

/*Table structure for table `telmovil` */

CREATE TABLE `telmovil` (
  `numserie` varchar(1) NOT NULL,
  `numfactu` int(7) unsigned NOT NULL,
  `fecfactu` date NOT NULL,
  `codmacta` varchar(10) NOT NULL,
  `baseimpo` decimal(10,2) NOT NULL,
  `cuotaiva` decimal(10,2) NOT NULL,
  `totalfac` decimal(10,2) default NULL,
  `intconta` tinyint(1) NOT NULL,
  PRIMARY KEY  (`numserie`,`numfactu`,`fecfactu`)
) ENGINE=MyISAM DEFAULT CHARSET=latin1;

/*Data for the table `telmovil` */

insert into `telmovil` (`numserie`,`numfactu`,`fecfactu`,`codmacta`,`baseimpo`,`cuotaiva`,`totalfac`,`intconta`) values ('T',5,'2005-08-22','4300001162','32.00','5.00','37.00',1),('T',6,'2005-08-22','4300002017','12.00','1.00','13.00',1),('T',7,'2005-08-22','4300002116','40.00','6.00','46.00',1),('T',8,'2005-08-22','4300000604','112.00','17.00','130.00',1),('T',10,'2005-09-21','4300001162','55.00','8.00','64.00',1),('T',11,'2005-09-21','4300002017','42.00','6.00','49.00',1),('T',12,'2005-09-21','4300002116','47.00','7.00','55.00',1),('T',13,'2005-09-21','4300000604','91.00','14.00','106.00',1),('T',15,'2005-10-24','4300001162','43.00','6.00','50.00',1),('T',16,'2005-10-24','4300002017','12.00','1.00','13.00',1),('T',17,'2005-10-24','4300002116','30.00','4.00','35.00',1),('T',18,'2005-10-24','4300000604','151.00','24.00','175.00',1),('T',20,'2005-11-11','4300001162','38.00','6.00','44.00',1),('T',21,'2005-11-11','4300002017','12.00','1.00','13.00',1),('T',22,'2005-11-11','4300002116','26.00','4.00','30.00',1),('T',23,'2005-11-11','4300000604','134.00','21.00','155.00',1),('T',25,'2005-11-11','4300000116','1.00','0.00','2.00',1),('T',26,'2005-12-20','4300000212','3.00','0.00','4.00',1),('T',27,'2005-12-20','4300001162','41.00','6.00','48.00',1),('T',28,'2005-12-20','4300002017','6.00','0.00','6.00',1),('T',29,'2005-12-20','4300002116','25.00','4.00','29.00',1),('T',30,'2005-12-20','4300000604','114.00','18.00','132.00',1),('T',32,'2005-12-20','4300001730','1.00','0.00','2.00',1),('T',33,'2005-12-20','4300000390','6.00','1.00','7.00',1),('T',34,'2005-12-20','4300000116','6.00','0.00','6.00',1),('T',35,'2005-12-20','4300001000','5.00','0.00','6.00',1),('T',36,'2006-01-11','4300000212','6.00','0.00','6.00',1),('T',37,'2006-01-11','4300001162','43.00','6.00','50.00',1),('T',38,'2006-01-11','4300002017','25.00','4.00','29.00',1),('T',39,'2006-01-11','4300002116','43.00','6.00','50.00',1),('T',40,'2006-01-11','4300000604','128.00','20.00','148.00',1),('T',42,'2006-01-11','4300000275','13.00','2.00','16.00',1),('T',43,'2006-01-11','4300001730','33.00','5.00','38.00',1),('T',44,'2006-01-11','4300000390','7.00','1.00','8.00',1),('T',45,'2006-01-11','4300000116','6.00','0.00','6.00',1),('T',46,'2006-01-11','4300001000','6.00','0.00','6.00',1),('T',60012,'2006-02-10','4300000212','6.00','0.00','6.00',1),('T',60013,'2006-02-10','4300001162','41.00','6.00','48.00',1),('T',60014,'2006-02-10','4300002017','44.00','7.00','51.00',1),('T',60015,'2006-02-10','4300002116','27.00','4.00','31.00',1),('T',60016,'2006-02-10','4300000604','271.00','43.00','315.00',1),('T',60018,'2006-02-10','4300000275','27.00','4.00','31.00',1),('T',60019,'2006-02-10','4300001730','17.00','2.00','20.00',1),('T',60020,'2006-02-10','4300000390','6.00','0.00','6.00',1),('T',60021,'2006-02-10','4300000116','6.00','0.00','6.00',1),('T',60022,'2006-02-10','4300001000','13.00','2.00','16.00',1),('T',60023,'2006-03-20','4300000212','6.00','0.00','6.00',1),('T',60024,'2006-03-20','4300001162','39.00','7.00','47.00',1),('T',60025,'2006-03-20','4300002017','6.00','0.00','6.00',1),('T',60026,'2006-03-20','4300002116','19.00','3.00','23.00',1),('T',60027,'2006-03-20','4300000604','232.00','44.00','276.00',1),('T',60029,'2006-03-20','4300000275','12.00','2.00','14.00',1),('T',60030,'2006-03-20','4300001730','6.00','0.00','6.00',1),('T',60031,'2006-03-20','4300000390','6.00','0.00','6.00',1),('T',60032,'2006-03-20','4300000116','6.00','0.00','6.00',1),('T',60033,'2006-03-20','4300001000','11.00','2.00','13.00',1),('T',60034,'2006-03-20','4300000761','3.00','0.00','3.00',1),('T',60035,'2006-04-12','4300000212','6.00','0.00','6.00',1),('T',60036,'2006-04-12','4300001162','41.00','6.00','47.00',1),('T',60037,'2006-04-12','4300002017','6.00','0.00','6.00',1),('T',60038,'2006-04-12','4300002116','25.00','4.00','29.00',1),('T',60039,'2006-04-12','4300000604','259.00','41.00','300.00',1),('T',60040,'2006-04-12','4300000879','8.00','1.00','9.00',1),('T',60042,'2006-04-12','4300000275','13.00','2.00','15.00',1),('T',60043,'2006-04-12','4300001730','10.00','1.00','12.00',1),('T',60044,'2006-04-12','4300000390','6.00','0.00','6.00',1),('T',60045,'2006-04-12','4300000116','6.00','0.00','6.00',1),('T',60046,'2006-04-12','4300001000','17.00','2.00','20.00',1),('T',60047,'2006-04-12','4300000761','6.00','0.00','6.00',1),('T',60065,'2006-05-23','4300000212','6.00','0.00','6.00',1),('T',60066,'2006-05-23','4300001162','49.00','7.00','57.00',1),('T',60067,'2006-05-23','4300002017','6.00','0.00','6.00',1),('T',60068,'2006-05-23','4300002116','29.00','4.00','33.00',1),('T',60069,'2006-05-23','4300000604','299.00','47.00','347.00',1),('T',60070,'2006-05-23','4300000692','3.00','0.00','4.00',1),('T',60071,'2006-05-23','4300000879','17.00','2.00','20.00',1),('T',60073,'2006-05-23','4300000275','16.00','2.00','18.00',1),('T',60074,'2006-05-23','4300001730','8.00','1.00','9.00',1),('T',60075,'2006-05-23','4300000390','6.00','0.00','6.00',1),('T',60076,'2006-05-23','4300000116','6.00','0.00','6.00',1),('T',60077,'2006-05-23','4300001000','20.00','3.00','24.00',1),('T',60078,'2006-05-23','4300000487','15.00','2.00','17.00',1),('T',60079,'2006-05-23','4300000487','12.00','1.00','14.00',1),('T',60080,'2006-05-23','4300000487','6.00','1.00','7.00',1),('T',60081,'2006-05-23','4300000761','6.00','0.00','6.00',1),('T',60082,'2006-06-20','4300000212','7.00','1.00','8.00',1),('T',60083,'2006-06-20','4300001162','70.00','11.00','81.00',1),('T',60084,'2006-06-20','4300002017','6.00','0.00','6.00',1),('T',60085,'2006-06-20','4300002116','19.00','3.00','22.00',1),('T',60086,'2006-06-20','4300000604','297.00','47.00','345.00',1),('T',60087,'2006-06-20','4300000692','6.00','0.00','6.00',1),('T',60088,'2006-06-20','4300000879','15.00','2.00','18.00',1),('T',60089,'2006-06-20','4300002117','12.00','1.00','13.00',1),('T',60090,'2006-06-20','4300001311','10.00','1.00','12.00',1),('T',60091,'2006-06-20','4300001356','34.00','5.00','39.00',1),('T',60092,'2006-06-20','4300002126','6.00','0.00','7.00',1),('T',60093,'2006-06-20','4300001063','3.00','0.00','3.00',1),('T',60095,'2006-06-20','4300000275','17.00','2.00','20.00',1),('T',60096,'2006-06-20','4300001730','9.00','1.00','10.00',1),('T',60097,'2006-06-20','4300000390','10.00','1.00','11.00',1),('T',60098,'2006-06-20','4300000116','6.00','0.00','6.00',1),('T',60099,'2006-06-20','4300001000','13.00','2.00','15.00',1),('T',60100,'2006-06-20','4300000487','20.00','3.00','24.00',1),('T',60101,'2006-06-20','4300000487','20.00','3.00','24.00',1),('T',60102,'2006-06-20','4300000487','12.00','1.00','13.00',1),('T',60103,'2006-06-20','4300000761','6.00','0.00','6.00',1),('T',60104,'2006-07-27','4300000212','10.00','1.00','12.00',1),('T',60105,'2006-07-27','4300001162','48.00','7.00','56.00',1),('T',60106,'2006-07-27','4300002017','3.00','0.00','3.00',1),('T',60107,'2006-07-27','4300002116','26.00','4.00','30.00',1),('T',60108,'2006-07-27','4300000604','223.00','35.00','259.00',1),('T',60109,'2006-07-27','4300000692','6.00','0.00','6.00',1),('T',60110,'2006-07-27','4300000879','18.00','2.00','21.00',1),('T',60111,'2006-07-27','4300002117','6.00','0.00','6.00',1),('T',60112,'2006-07-27','4300001311','6.00','0.00','7.00',1),('T',60113,'2006-07-27','4300001356','21.00','3.00','24.00',1),('T',60114,'2006-07-27','4300002126','9.00','1.00','11.00',1),('T',60115,'2006-07-27','4300001063','11.00','1.00','12.00',1),('T',60116,'2006-09-07','4300000116','6.00','0.00','6.00',1),('T',60117,'2006-07-27','4300000275','33.00','5.00','38.00',1),('T',60118,'2006-07-27','4300001730','9.00','1.00','10.00',1),('T',60119,'2006-07-27','4300000119','16.00','2.00','19.00',1),('T',60120,'2006-07-27','4300000116','6.00','0.00','6.00',1),('T',60121,'2006-07-27','4300001000','17.00','2.00','20.00',1),('T',60122,'2006-07-27','4300000487','21.00','3.00','24.00',1),('T',60123,'2006-07-27','4300000487','27.00','4.00','31.00',1),('T',60124,'2006-07-27','4300000487','12.00','1.00','13.00',1),('T',60125,'2006-07-27','4300000761','6.00','0.00','6.00',1),('T',60126,'2006-07-27','4300000371','4.00','0.00','5.00',1),('T',60127,'2006-07-27','4300001918','5.00','0.00','5.00',1),('T',60128,'2006-07-27','4300000357','2.00','0.00','3.00',1),('T',60129,'2006-07-27','4300000078','1.00','0.00','1.00',1),('T',60130,'2006-07-27','4300000952','5.00','0.00','6.00',1),('T',60131,'2006-07-27','4300000588','3.00','0.00','3.00',1),('T',60132,'2006-09-07','4300000212','11.00','2.00','13.00',1),('T',60133,'2006-09-07','4300001162','39.00','7.00','47.00',1),('T',60134,'2006-09-07','4300002017','9.00','0.00','9.00',1),('T',60135,'2006-09-07','4300002116','30.00','5.00','36.00',1),('T',60136,'2006-09-07','4300000604','164.00','31.00','195.00',1),('T',60137,'2006-09-07','4300000692','6.00','0.00','6.00',1),('T',60138,'2006-09-07','4300000879','15.00','2.00','17.00',1),('T',60139,'2006-09-07','4300002117','8.00','1.00','9.00',1),('T',60140,'2006-09-07','4300001311','6.00','0.00','6.00',1),('T',60141,'2006-09-07','4300001356','6.00','0.00','6.00',1),('T',60142,'2006-09-07','4300002126','14.00','2.00','17.00',1),('T',60143,'2006-09-07','4300001063','9.00','1.00','11.00',1),('T',60145,'2006-09-07','4300000275','13.00','2.00','16.00',1),('T',60146,'2006-09-07','4300001730','15.00','2.00','18.00',1),('T',60147,'2006-09-07','4300000390','16.00','3.00','19.00',1),('T',60149,'2006-09-07','4300001000','11.00','2.00','13.00',1),('T',60150,'2006-09-07','4300000487','16.00','3.00','19.00',1),('T',60151,'2006-09-07','4300000487','75.00','14.00','90.00',1),('T',60152,'2006-09-07','4300000487','11.00','2.00','13.00',1),('T',60153,'2006-09-07','4300000761','6.00','0.00','6.00',1),('T',60154,'2006-09-07','4300000371','10.00','2.00','12.00',1),('T',60155,'2006-09-07','4300001918','28.00','5.00','34.00',1),('T',60156,'2006-09-07','4300000357','6.00','0.00','6.00',1),('T',60157,'2006-09-07','4300000078','6.00','0.00','6.00',1),('T',60158,'2006-09-07','4300000952','17.00','3.00','20.00',1),('T',60159,'2006-09-07','4300000588','11.00','2.00','13.00',1),('T',600035,'2007-02-14','4300001437','10.00','1.00','11.00',1),('T',600036,'2007-02-14','4300000212','14.00','2.00','17.00',1),('T',600037,'2007-02-14','4300001162','34.00','5.00','39.00',1),('T',600038,'2007-02-14','4300002116','32.00','5.00','38.00',1),('T',600039,'2007-02-14','4300000604','193.00','30.00','224.00',1),('T',600040,'2007-02-14','4300000692','6.00','0.00','6.00',1),('T',600041,'2007-02-14','4300000879','6.00','0.00','6.00',1),('T',600042,'2007-02-14','4300002117','9.00','1.00','11.00',1),('T',600043,'2007-02-14','4300001311','10.00','1.00','12.00',1),('T',600044,'2007-02-14','4300001356','19.00','3.00','22.00',1),('T',600045,'2007-02-14','4300002126','11.00','1.00','13.00',1),('T',600046,'2007-02-14','4300001063','18.00','3.00','21.00',1),('T',600047,'2007-02-14','4300001331','42.00','6.00','49.00',1),('T',600048,'2007-02-14','4300000398','5.00','0.00','5.00',1),('T',600050,'2007-02-14','4300004500','91.00','14.00','105.00',1),('T',600051,'2007-02-14','4300000275','16.00','2.00','18.00',1),('T',600052,'2007-02-14','4300001730','11.00','1.00','13.00',1),('T',600053,'2007-02-14','4300000390','7.00','1.00','8.00',1),('T',600054,'2007-02-14','4300000116','6.00','0.00','6.00',1),('T',600055,'2007-02-14','4300001000','12.00','1.00','13.00',1),('T',600056,'2007-02-14','4300000487','16.00','2.00','19.00',1),('T',600057,'2007-02-14','4300000487','17.00','2.00','20.00',1),('T',600058,'2007-02-14','4300000487','17.00','2.00','20.00',1),('T',600059,'2007-02-14','4300001143','6.00','0.00','6.00',1),('T',600060,'2007-02-14','4300001117','0.00','0.00','0.00',1),('T',600061,'2007-02-14','4300000761','6.00','0.00','6.00',1),('T',600062,'2007-02-14','4300000979','23.00','3.00','27.00',1),('T',600063,'2007-02-14','4300000371','6.00','0.00','6.00',1),('T',600064,'2007-02-14','4300001918','27.00','4.00','31.00',1),('T',600065,'2007-02-14','4300002017','21.00','3.00','24.00',1),('T',600066,'2007-02-14','4300001393','12.00','1.00','13.00',1),('T',600067,'2007-02-14','4300000357','6.00','0.00','6.00',1),('T',600068,'2007-02-14','4300000078','6.00','1.00','8.00',1),('T',600069,'2007-02-14','4300000952','26.00','4.00','30.00',1),('T',600070,'2007-02-14','4300000588','7.00','1.00','8.00',1),('T',600071,'2007-03-13','4300001497','6.00','1.00','7.00',1),('T',600072,'2007-03-13','4300000212','6.00','0.00','6.00',1),('T',600073,'2007-03-13','4300001162','37.00','5.00','43.00',1),('T',600074,'2007-03-13','4300002116','35.00','5.00','41.00',1),('T',600075,'2007-03-13','4300000604','234.00','37.00','272.00',1),('T',600076,'2007-03-13','4300000692','6.00','0.00','6.00',1),('T',600077,'2007-03-13','4300000879','6.00','1.00','7.00',1),('T',600078,'2007-03-13','4300002117','9.00','1.00','10.00',1),('T',600079,'2007-03-13','4300001311','8.00','1.00','10.00',1),('T',600080,'2007-03-13','4300001356','13.00','2.00','16.00',1),('T',600081,'2007-03-13','4300002126','10.00','1.00','12.00',1),('T',600082,'2007-03-13','4300001063','12.00','1.00','13.00',1),('T',600083,'2007-03-13','4300001331','24.00','3.00','27.00',1),('T',600084,'2007-03-13','4300000398','14.00','2.00','16.00',1),('T',600086,'2007-03-13','4300004500','54.00','8.00','62.00',1),('T',600087,'2007-03-13','4300000275','16.00','2.00','19.00',1),('T',600088,'2007-03-13','4300001730','33.00','5.00','39.00',1),('T',600089,'2007-03-13','4300000390','6.00','0.00','6.00',1),('T',600090,'2007-03-13','4300000116','6.00','0.00','6.00',1),('T',600091,'2007-03-13','4300001000','12.00','2.00','14.00',1),('T',600092,'2007-03-13','4300000487','12.00','1.00','14.00',1),('T',600093,'2007-03-13','4300000487','17.00','2.00','20.00',1),('T',600094,'2007-03-13','4300000487','9.00','1.00','10.00',1),('T',600095,'2007-03-13','4300001143','6.00','0.00','6.00',1),('T',600096,'2007-03-13','4300001117','20.00','3.00','24.00',1),('T',600097,'2007-03-13','4300000761','6.00','0.00','6.00',1),('T',600098,'2007-03-13','4300000979','23.00','3.00','27.00',1),('T',600099,'2007-03-13','4300000371','6.00','0.00','6.00',1),('T',600100,'2007-03-13','4300001918','13.00','2.00','15.00',1),('T',600101,'2007-03-13','4300002017','6.00','0.00','6.00',1),('T',600102,'2007-03-13','4300001393','12.00','1.00','13.00',1),('T',600103,'2007-03-13','4300000357','6.00','0.00','6.00',1),('T',600104,'2007-03-13','4300000078','6.00','0.00','6.00',1),('T',600105,'2007-03-13','4300000952','16.00','2.00','19.00',1),('T',600106,'2007-03-13','4300000588','7.00','1.00','9.00',1),('T',600108,'2007-04-20','4300000212','8.00','1.00','9.00',1),('T',600109,'2007-04-20','4300001162','26.00','4.00','30.00',1),('T',600110,'2007-04-20','4300002116','26.00','4.00','31.00',1),('T',600111,'2007-04-20','4300000604','221.00','35.00','257.00',1),('T',600112,'2007-04-20','4300000692','6.00','0.00','6.00',1),('T',600113,'2007-04-20','4300000879','15.00','2.00','18.00',1),('T',600114,'2007-04-20','4300002117','6.00','1.00','8.00',1),('T',600115,'2007-04-20','4300001311','7.00','1.00','8.00',1),('T',600116,'2007-04-20','4300001356','6.00','0.00','6.00',1),('T',600117,'2007-04-20','4300002126','10.00','1.00','12.00',1),('T',600118,'2007-04-20','4300001063','6.00','0.00','6.00',1),('T',600119,'2007-04-20','4300001331','26.00','4.00','31.00',1),('T',600120,'2007-04-20','4300000398','19.00','3.00','22.00',1),('T',600122,'2007-04-20','4300004500','60.00','9.00','70.00',1),('T',600123,'2007-04-20','4300000275','29.00','4.00','34.00',1),('T',600124,'2007-04-20','4300001730','34.00','5.00','40.00',1),('T',600125,'2007-04-20','4300000390','6.00','0.00','7.00',1),('T',600126,'2007-04-20','4300000116','6.00','0.00','6.00',1),('T',600127,'2007-04-20','4300001000','18.00','2.00','21.00',1),('T',600128,'2007-04-20','4300000487','19.00','3.00','22.00',1),('T',600129,'2007-04-20','4300000487','16.00','2.00','19.00',1),('T',600130,'2007-04-20','4300000487','13.00','2.00','15.00',1),('T',600131,'2007-04-20','4300001143','6.00','0.00','6.00',1),('T',600132,'2007-04-20','4300002043','0.00','0.00','0.00',1),('T',600133,'2007-04-20','4300001117','28.00','4.00','33.00',1),('T',600134,'2007-04-20','4300000761','6.00','0.00','6.00',1),('T',600135,'2007-04-20','4300000979','20.00','3.00','23.00',1),('T',600136,'2007-04-20','4300000371','9.00','1.00','10.00',1),('T',600137,'2007-04-20','4300001918','12.00','1.00','13.00',1),('T',600138,'2007-04-20','4300002017','6.00','0.00','6.00',1),('T',600139,'2007-04-20','4300001393','12.00','1.00','13.00',1),('T',600140,'2007-04-20','4300000357','6.00','0.00','6.00',1),('T',600141,'2007-04-20','4300000078','11.00','1.00','12.00',1),('T',600142,'2007-04-20','4300000952','11.00','1.00','12.00',1),('T',600143,'2007-04-20','4300000588','6.00','1.00','7.00',1),('T',600145,'2007-05-14','4300000212','12.00','2.00','14.00',1),('T',600146,'2007-05-14','4300001162','41.00','6.00','47.00',1),('T',600147,'2007-05-14','4300002116','29.00','4.00','34.00',1),('T',600148,'2007-05-14','4300000604','363.00','58.00','421.00',1),('T',600149,'2007-05-14','4300000692','6.00','0.00','6.00',1),('T',600150,'2007-05-14','4300000879','15.00','2.00','18.00',1),('T',600151,'2007-05-14','4300002117','7.00','1.00','8.00',1),('T',600152,'2007-05-14','4300001311','6.00','0.00','6.00',1),('T',600153,'2007-05-14','4300001356','6.00','0.00','6.00',1),('T',600154,'2007-05-14','4300002126','21.00','3.00','24.00',1),('T',600155,'2007-05-14','4300001063','6.00','0.00','6.00',1),('T',600156,'2007-05-14','4300001331','79.00','12.00','91.00',1),('T',600157,'2007-05-14','4300000398','16.00','2.00','19.00',1),('T',600159,'2007-05-14','4300004500','84.00','13.00','98.00',1),('T',600160,'2006-09-27','4300000212','9.00','1.00','11.00',1),('T',600160,'2007-05-14','4300000275','16.00','2.00','19.00',1),('T',600161,'2006-09-27','4300001162','51.00','8.00','60.00',1),('T',600161,'2007-05-14','4300001730','12.00','1.00','14.00',1),('T',600162,'2006-09-27','4300002017','2.00','0.00','2.00',1),('T',600162,'2007-05-14','4300000390','11.00','1.00','13.00',1),('T',600163,'2006-09-27','4300002116','28.00','4.00','33.00',1),('T',600163,'2007-05-14','4300000116','6.00','0.00','6.00',1),('T',600164,'2006-09-27','4300000604','283.00','45.00','329.00',1),('T',600164,'2007-05-14','4300001000','16.00','2.00','18.00',1),('T',600165,'2006-09-27','4300000692','6.00','0.00','6.00',1),('T',600165,'2007-05-14','4300000487','22.00','3.00','25.00',1),('T',600166,'2006-09-27','4300000879','14.00','2.00','16.00',1),('T',600166,'2007-05-14','4300000487','11.00','1.00','13.00',1),('T',600167,'2006-09-27','4300002117','13.00','2.00','15.00',1),('T',600167,'2007-05-14','4300000487','11.00','1.00','13.00',1),('T',600168,'2006-09-27','4300001311','8.00','1.00','9.00',1),('T',600168,'2007-05-14','4300001143','6.00','0.00','6.00',1),('T',600169,'2006-09-27','4300001356','6.00','0.00','6.00',1),('T',600169,'2007-05-14','4300002043','10.00','1.00','12.00',1),('T',600170,'2006-09-27','4300002126','7.00','1.00','9.00',1),('T',600170,'2007-05-14','4300001117','11.00','1.00','12.00',1),('T',600171,'2006-09-27','4300001063','11.00','1.00','13.00',1),('T',600171,'2007-05-14','4300000761','6.00','0.00','6.00',1),('T',600172,'2007-05-14','4300000979','16.00','2.00','18.00',1),('T',600173,'2006-09-27','4300000275','8.00','1.00','9.00',1),('T',600173,'2007-05-14','4300000371','8.00','1.00','9.00',1),('T',600174,'2006-09-27','4300001730','14.00','2.00','16.00',1),('T',600174,'2007-05-14','4300001918','22.00','3.00','26.00',1),('T',600175,'2006-09-27','4300000390','19.00','3.00','22.00',1),('T',600175,'2007-05-14','4300002017','6.00','0.00','6.00',1),('T',600176,'2006-09-27','4300000116','6.00','0.00','6.00',1),('T',600176,'2007-05-14','4300001393','12.00','1.00','13.00',1),('T',600177,'2006-09-27','4300001000','7.00','1.00','9.00',1),('T',600177,'2007-05-14','4300000357','10.00','1.00','12.00',1),('T',600178,'2006-09-27','4300000487','16.00','2.00','19.00',1),('T',600178,'2007-05-14','4300000078','13.00','2.00','15.00',1),('T',600179,'2006-09-27','4300000487','87.00','14.00','101.00',1),('T',600179,'2007-05-14','4300000952','16.00','2.00','19.00',1),('T',600180,'2006-09-27','4300000487','12.00','1.00','13.00',1),('T',600180,'2007-05-14','4300000588','7.00','1.00','8.00',1),('T',600181,'2006-09-27','4300001254','19.00','3.00','22.00',1),('T',600182,'2006-09-27','4300000761','6.00','0.00','6.00',1),('T',600183,'2006-09-27','4300000979','10.00','1.00','12.00',1),('T',600184,'2006-09-27','4300000371','6.00','0.00','6.00',1),('T',600185,'2006-09-27','4300001918','25.00','4.00','29.00',1),('T',600186,'2006-09-27','4300002017','17.00','2.00','19.00',1),('T',600187,'2006-09-27','4300000357','6.00','0.00','6.00',1),('T',600188,'2006-09-27','4300001331','59.00','9.00','68.00',1),('T',600189,'2006-09-27','4300000078','6.00','0.00','6.00',1),('T',600190,'2006-09-27','4300000952','21.00','3.00','25.00',1),('T',600191,'2006-09-27','4300000588','11.00','1.00','13.00',1),('T',600193,'2006-11-08','4300000212','17.00','2.00','19.00',1),('T',600194,'2006-11-08','4300001162','47.00','7.00','54.00',1),('T',600195,'2006-11-08','4300002116','19.00','3.00','22.00',1),('T',600196,'2006-11-08','4300000604','232.00','37.00','269.00',1),('T',600197,'2006-11-08','4300000692','6.00','0.00','6.00',1),('T',600198,'2006-11-08','4300000879','12.00','2.00','14.00',1),('T',600199,'2006-11-08','4300002117','11.00','1.00','13.00',1),('T',600200,'2006-11-08','4300001311','12.00','2.00','14.00',1),('T',600201,'2006-11-08','4300001356','29.00','4.00','34.00',1),('T',600202,'2006-11-08','4300002126','8.00','1.00','10.00',1),('T',600203,'2006-11-08','4300001063','13.00','2.00','15.00',1),('T',600204,'2006-11-08','4300001331','54.00','8.00','62.00',1),('T',600206,'2006-11-08','4300000275','16.00','2.00','18.00',1),('T',600207,'2006-11-08','4300001730','18.00','2.00','21.00',1),('T',600208,'2006-11-08','4300000390','15.00','2.00','17.00',1),('T',600209,'2006-11-08','4300000116','6.00','0.00','6.00',1),('T',600210,'2006-11-08','4300001000','18.00','2.00','20.00',1),('T',600211,'2006-11-08','4300004500','28.00','4.00','32.00',1),('T',600212,'2006-11-08','4300000487','17.00','2.00','19.00',1),('T',600213,'2006-11-08','4300000487','52.00','8.00','61.00',1),('T',600214,'2006-11-08','4300000487','12.00','1.00','13.00',1),('T',600215,'2006-11-08','4300000761','6.00','0.00','6.00',1),('T',600216,'2006-11-08','4300000979','12.00','2.00','14.00',1),('T',600217,'2006-11-08','4300000371','8.00','1.00','9.00',1),('T',600218,'2006-11-08','4300001918','24.00','3.00','28.00',1),('T',600219,'2006-11-08','4300002017','35.00','5.00','40.00',1),('T',600220,'2006-11-08','4300000357','6.00','0.00','6.00',1),('T',600221,'2006-11-08','4300000078','9.00','1.00','11.00',1),('T',600222,'2006-11-08','4300000952','24.00','3.00','28.00',1),('T',600223,'2006-11-08','4300000588','6.00','1.00','7.00',1),('T',600225,'2006-11-20','4300000212','6.00','0.00','6.00',1),('T',600226,'2006-11-20','4300001162','37.00','6.00','43.00',1),('T',600227,'2006-11-20','4300002116','17.00','2.00','20.00',1),('T',600228,'2006-11-20','4300000604','312.00','49.00','362.00',1),('T',600229,'2006-11-20','4300000692','6.00','0.00','6.00',1),('T',600230,'2006-11-20','4300000879','8.00','1.00','10.00',1),('T',600231,'2006-11-20','4300002117','11.00','1.00','12.00',1),('T',600232,'2006-11-20','4300001311','7.00','1.00','9.00',1),('T',600233,'2006-11-20','4300001356','29.00','4.00','34.00',1),('T',600234,'2006-11-20','4300002126','9.00','1.00','10.00',1),('T',600235,'2006-11-20','4300001063','13.00','2.00','15.00',1),('T',600236,'2006-11-20','4300001331','45.00','7.00','53.00',1),('T',600238,'2006-11-20','4300004500','65.00','10.00','75.00',1),('T',600239,'2006-11-20','4300000275','15.00','2.00','18.00',1),('T',600240,'2006-11-20','4300001730','11.00','1.00','13.00',1),('T',600241,'2006-11-20','4300000390','6.00','1.00','7.00',1),('T',600242,'2006-11-20','4300000116','6.00','0.00','6.00',1),('T',600243,'2006-11-20','4300001000','9.00','1.00','10.00',1),('T',600244,'2006-11-20','4300000487','22.00','3.00','25.00',1),('T',600245,'2006-11-20','4300000487','23.00','3.00','27.00',1),('T',600246,'2006-11-20','4300000487','16.00','2.00','18.00',1),('T',600247,'2006-11-20','4300000761','6.00','0.00','6.00',1),('T',600248,'2006-11-20','4300000979','15.00','2.00','17.00',1),('T',600249,'2006-11-20','4300000371','6.00','0.00','6.00',1),('T',600250,'2006-11-20','4300001918','24.00','3.00','28.00',1),('T',600251,'2006-11-20','4300002017','25.00','4.00','29.00',1),('T',600252,'2006-11-20','4300001393','29.00','4.00','34.00',1),('T',600253,'2006-11-20','4300000357','6.00','0.00','6.00',1),('T',600254,'2006-11-20','4300000078','7.00','1.00','8.00',1),('T',600255,'2006-11-20','4300000952','16.00','2.00','19.00',1),('T',600256,'2006-11-20','4300000588','10.00','1.00','12.00',1),('T',600258,'2006-12-21','4300000212','14.00','2.00','16.00',1),('T',600259,'2006-12-21','4300001162','43.00','6.00','50.00',1),('T',600260,'2006-12-21','4300002116','23.00','3.00','27.00',1),('T',600261,'2006-12-21','4300000604','243.00','39.00','282.00',1),('T',600262,'2006-12-21','4300000692','6.00','0.00','6.00',1),('T',600263,'2006-12-21','4300000879','11.00','1.00','13.00',1),('T',600264,'2006-12-21','4300002117','17.00','2.00','19.00',1),('T',600265,'2006-12-21','4300001311','7.00','1.00','8.00',1),('T',600266,'2006-12-21','4300001356','14.00','2.00','16.00',1),('T',600267,'2006-12-21','4300002126','13.00','2.00','16.00',1),('T',600268,'2006-12-21','4300001063','9.00','1.00','10.00',1),('T',600269,'2006-12-21','4300001331','33.00','5.00','38.00',1),('T',600271,'2006-12-21','4300004500','63.00','10.00','73.00',1),('T',600272,'2006-12-21','4300000275','11.00','1.00','13.00',1),('T',600273,'2006-12-21','4300001730','6.00','0.00','6.00',1),('T',600274,'2006-12-21','4300000390','6.00','0.00','6.00',1),('T',600275,'2006-12-21','4300000116','6.00','0.00','6.00',1),('T',600276,'2006-12-21','4300001000','12.00','2.00','14.00',1),('T',600277,'2006-12-21','4300000487','16.00','2.00','19.00',1),('T',600278,'2006-12-21','4300000487','16.00','2.00','18.00',1),('T',600279,'2006-12-21','4300000487','9.00','1.00','11.00',1),('T',600280,'2006-12-21','4300001143','4.00','0.00','4.00',1),('T',600281,'2006-12-21','4300000761','6.00','0.00','6.00',1),('T',600282,'2006-12-21','4300000979','17.00','2.00','19.00',1),('T',600283,'2006-12-21','4300000371','6.00','0.00','6.00',1),('T',600284,'2006-12-21','4300001918','14.00','2.00','17.00',1),('T',600285,'2006-12-21','4300002017','24.00','3.00','28.00',1),('T',600286,'2006-12-21','4300001393','12.00','2.00','14.00',1),('T',600287,'2006-12-21','4300000357','6.00','0.00','6.00',1),('T',600288,'2006-12-21','4300000078','6.00','1.00','7.00',1),('T',600289,'2006-12-21','4300000952','16.00','2.00','19.00',1),('T',600290,'2006-12-21','4300000588','6.00','0.00','6.00',1),('T',700001,'2007-01-24','4300001437','6.00','0.00','6.00',1),('T',700002,'2007-01-24','4300000212','11.00','1.00','13.00',1),('T',700003,'2007-01-24','4300001162','42.00','6.00','48.00',1),('T',700004,'2007-01-24','4300002116','31.00','5.00','36.00',1),('T',700005,'2007-01-24','4300000604','412.00','65.00','478.00',1),('T',700006,'2007-01-24','4300000692','6.00','0.00','6.00',1),('T',700007,'2007-01-24','4300000879','9.00','1.00','10.00',1),('T',700008,'2007-01-24','4300002117','10.00','1.00','12.00',1),('T',700009,'2007-01-24','4300001311','8.00','1.00','10.00',1),('T',700010,'2007-01-24','4300001356','16.00','2.00','19.00',1),('T',700011,'2007-01-24','4300002126','21.00','3.00','25.00',1),('T',700012,'2007-01-24','4300001063','16.00','2.00','18.00',1),('T',700013,'2007-01-24','4300001331','51.00','8.00','59.00',1),('T',700015,'2007-01-24','4300004500','65.00','10.00','76.00',1),('T',700016,'2007-01-24','4300000275','20.00','3.00','24.00',1),('T',700017,'2007-01-24','4300001730','12.00','2.00','14.00',1),('T',700018,'2007-01-24','4300000390','6.00','0.00','6.00',1),('T',700019,'2007-01-24','4300000116','6.00','0.00','6.00',1),('T',700020,'2007-01-24','4300001000','12.00','2.00','14.00',1),('T',700021,'2007-01-24','4300000487','16.00','2.00','18.00',1),('T',700022,'2007-01-24','4300000487','18.00','3.00','21.00',1),('T',700023,'2007-01-24','4300000487','10.00','1.00','11.00',1),('T',700024,'2007-01-24','4300001143','6.00','0.00','6.00',1),('T',700025,'2007-01-24','4300000761','6.00','0.00','6.00',1),('T',700026,'2007-01-24','4300000979','24.00','4.00','28.00',1),('T',700027,'2007-01-24','4300000371','6.00','1.00','7.00',1),('T',700028,'2007-01-24','4300001918','23.00','3.00','26.00',1),('T',700029,'2007-01-24','4300002017','22.00','3.00','26.00',1),('T',700030,'2007-01-24','4300001393','13.00','2.00','15.00',1),('T',700031,'2007-01-24','4300000357','6.00','0.00','6.00',1),('T',700032,'2007-01-24','4300000078','7.00','1.00','8.00',1),('T',700033,'2007-01-24','4300000952','17.00','2.00','20.00',1),('T',700034,'2007-01-24','4300000588','8.00','1.00','10.00',1),('T',900001,'2008-01-09','4300001497','13.61','2.18','15.79',1),('T',900002,'2008-01-09','4300000212','15.51','2.48','17.99',1),('T',900003,'2008-01-09','4300000604','78.54','12.57','91.11',1),('T',900004,'2008-01-09','4300001162','29.93','4.79','34.72',1),('T',900005,'2008-01-09','4300002116','37.81','6.05','43.86',1),('T',900006,'2008-01-09','4300000692','6.00','0.96','6.96',1),('T',900007,'2008-01-09','4300000879','14.52','2.32','16.84',1),('T',900008,'2008-01-09','4300002117','6.57','1.05','7.62',1),('T',900009,'2008-01-09','4300001311','9.18','1.47','10.65',1),('T',900010,'2008-01-09','4300001356','6.00','0.96','6.96',1),('T',900011,'2008-01-09','4300002126','11.41','1.83','13.24',1),('T',900012,'2008-01-09','4300001063','9.45','1.51','10.96',1),('T',900013,'2008-01-09','4300001331','77.50','12.40','89.90',1),('T',900014,'2008-01-09','4300000398','28.00','4.48','32.48',1),('T',900016,'2008-01-09','4300004500','113.63','18.18','131.81',1),('T',900017,'2008-01-09','4300000952','21.08','3.37','24.45',1),('T',900018,'2008-01-09','4300001279','8.22','1.32','9.54',1),('T',900019,'2008-01-09','4300000275','13.49','2.16','15.65',1),('T',900020,'2008-01-09','4300001806','21.16','3.39','24.55',1),('T',900021,'2008-01-09','4300001730','17.78','2.84','20.62',1),('T',900022,'2008-01-09','4300002072','9.84','1.57','11.41',1),('T',900023,'2008-01-09','4300003014','6.00','0.96','6.96',1),('T',900024,'2008-01-09','4300000390','6.00','0.96','6.96',1),('T',900025,'2008-01-09','4300000116','6.00','0.96','6.96',1),('T',900026,'2008-01-09','4300001000','15.92','2.55','18.47',1),('T',900027,'2008-01-09','4300000857','64.66','10.35','75.01',1),('T',900028,'2008-01-09','4300000487','6.00','0.96','6.96',1),('T',900029,'2008-01-09','4300000487','20.89','3.34','24.23',1),('T',900030,'2008-01-09','4300000487','12.95','2.07','15.02',1),('T',900031,'2008-01-09','4300000879','5.24','0.84','6.08',1),('T',900032,'2008-01-09','4300001117','11.11','1.78','12.89',1),('T',900033,'2008-01-09','4300001143','22.46','3.59','26.05',1),('T',900034,'2008-01-09','4300002043','17.47','2.80','20.27',1),('T',900036,'2008-01-09','4300000761','6.00','0.96','6.96',1),('T',900037,'2008-01-09','4300000979','19.89','3.18','23.07',1),('T',900038,'2008-01-09','4300000310','40.71','6.51','47.22',1),('T',900039,'2008-01-09','4300000371','7.09','1.13','8.22',1),('T',900040,'2008-01-09','4300001918','21.35','3.42','24.77',1),('T',900041,'2008-01-09','4300002017','6.00','0.96','6.96',1),('T',900042,'2008-01-09','4300001393','15.46','2.47','17.93',1),('T',900043,'2008-01-09','4300000357','6.00','0.96','6.96',1),('T',900044,'2008-01-09','4300000078','7.28','1.16','8.44',1),('T',900045,'2008-01-09','4300000588','10.93','1.75','12.68',1),('T',900181,'2007-06-20','4300001497','8.16','1.31','9.47',1),('T',900182,'2007-06-20','4300000212','11.88','1.90','13.78',1),('T',900183,'2007-06-20','4300001162','43.47','6.96','50.43',1),('T',900184,'2007-06-20','4300002116','37.88','6.06','43.94',1),('T',900185,'2007-06-20','4300000604','189.36','30.30','219.66',1),('T',900186,'2007-06-20','4300000692','6.00','0.96','6.96',1),('T',900187,'2007-06-20','4300000879','18.81','3.01','21.82',1),('T',900188,'2007-06-20','4300002117','11.20','1.79','12.99',1),('T',900189,'2007-06-20','4300001311','6.00','0.96','6.96',1),('T',900190,'2007-06-20','4300001356','6.00','0.96','6.96',1),('T',900191,'2007-06-20','4300002126','32.21','5.15','37.36',1),('T',900192,'2007-06-20','4300001063','6.66','1.07','7.73',1),('T',900193,'2007-06-20','4300001331','54.07','8.65','62.72',1),('T',900194,'2007-06-20','4300000398','18.28','2.92','21.20',1),('T',900196,'2007-06-20','4300004500','128.42','20.55','148.97',1),('T',900197,'2007-06-20','4300000275','29.69','4.75','34.44',1),('T',900198,'2007-06-20','4300001730','8.55','1.37','9.92',1),('T',900199,'2007-06-20','4300002072','8.69','1.39','10.08',1),('T',900200,'2007-06-20','4300000390','6.00','0.96','6.96',1),('T',900201,'2007-06-20','4300000116','6.00','0.96','6.96',1),('T',900202,'2007-06-20','4300001000','15.10','2.42','17.52',1),('T',900203,'2007-06-20','4300000857','0.39','0.06','0.45',1),('T',900204,'2007-06-20','4300000487','21.36','3.42','24.78',1),('T',900205,'2007-06-20','4300000487','13.10','2.10','15.20',1),('T',900206,'2007-06-20','4300000487','10.41','1.67','12.08',1),('T',900207,'2007-06-20','4300001117','77.28','12.36','89.64',1),('T',900208,'2007-06-20','4300001143','6.00','0.96','6.96',1),('T',900209,'2007-06-20','4300002043','18.72','3.00','21.72',1),('T',900210,'2007-06-20','4300000761','6.00','0.96','6.96',1),('T',900211,'2007-06-20','4300000979','25.73','4.12','29.85',1),('T',900212,'2007-06-20','4300000371','15.65','2.50','18.15',1),('T',900213,'2007-06-20','4300001918','47.51','7.60','55.11',1),('T',900214,'2007-06-20','4300002017','10.11','1.62','11.73',1),('T',900215,'2007-06-20','4300001393','25.15','4.02','29.17',1),('T',900216,'2007-06-20','4300000357','7.57','1.21','8.78',1),('T',900217,'2007-06-20','4300000078','6.00','0.96','6.96',1),('T',900218,'2007-06-20','4300000952','19.73','3.16','22.89',1),('T',900219,'2007-06-20','4300000588','6.26','1.00','7.26',1),('T',900221,'2007-07-13','4300000212','11.91','1.91','13.82',1),('T',900222,'2007-07-13','4300001162','41.22','6.60','47.82',1),('T',900223,'2007-07-13','4300002116','37.35','5.98','43.33',1),('T',900224,'2007-07-13','4300000604','290.78','46.52','337.30',1),('T',900225,'2007-07-13','4300000692','6.00','0.96','6.96',1),('T',900226,'2007-07-13','4300000879','14.15','2.26','16.41',1),('T',900227,'2007-07-13','4300002117','11.69','1.87','13.56',1),('T',900228,'2007-07-13','4300001311','8.27','1.32','9.59',1),('T',900229,'2007-07-13','4300001356','6.00','0.96','6.96',1),('T',900230,'2007-07-13','4300002126','18.35','2.94','21.29',1),('T',900231,'2007-07-13','4300001063','6.00','0.96','6.96',1),('T',900232,'2007-07-13','4300001331','109.06','17.45','126.51',1),('T',900233,'2007-07-13','4300000398','24.75','3.96','28.71',1),('T',900235,'2007-07-13','4300004500','117.41','18.79','136.20',1),('T',900236,'2007-07-13','4300000275','18.78','3.00','21.78',1),('T',900237,'2007-07-13','4300001730','16.85','2.70','19.55',1),('T',900238,'2007-07-13','4300002072','16.77','2.68','19.45',1),('T',900239,'2007-07-13','4300000390','13.65','2.18','15.83',1),('T',900240,'2007-07-13','4300000116','6.00','0.96','6.96',1),('T',900241,'2007-07-13','4300001000','16.28','2.60','18.88',1),('T',900242,'2007-07-13','4300000857','30.40','4.86','35.26',1),('T',900243,'2007-07-13','4300000487','21.52','3.44','24.96',1),('T',900244,'2007-07-13','4300000487','13.94','2.23','16.17',1),('T',900245,'2007-07-13','4300000487','12.34','1.97','14.31',1),('T',900246,'2007-07-13','4300000879','3.34','0.53','3.87',1),('T',900247,'2007-07-13','4300001117','88.79','14.21','103.00',1),('T',900248,'2007-07-13','4300001143','6.00','0.96','6.96',1),('T',900249,'2007-07-13','4300002043','13.16','2.11','15.27',1),('T',900250,'2007-07-13','4300000761','6.58','1.05','7.63',1),('T',900251,'2007-07-13','4300000979','26.60','4.26','30.86',1),('T',900252,'2007-07-13','4300000310','28.40','4.54','32.94',1),('T',900253,'2007-07-13','4300000371','7.44','1.19','8.63',1),('T',900254,'2007-07-13','4300001918','28.17','4.51','32.68',1),('T',900255,'2007-07-13','4300002017','6.00','0.96','6.96',1),('T',900256,'2007-07-13','4300001393','20.28','3.24','23.52',1),('T',900257,'2007-07-13','4300000357','9.63','1.54','11.17',1),('T',900258,'2007-07-13','4300000078','6.00','0.96','6.96',1),('T',900259,'2007-07-13','4300000952','20.30','3.25','23.55',1),('T',900260,'2007-07-13','4300000588','6.55','1.05','7.60',1),('T',900262,'2007-08-20','4300000212','19.85','3.17','23.02',1),('T',900263,'2007-08-20','4300001162','45.45','7.27','52.72',1),('T',900264,'2007-08-20','4300002116','48.48','7.75','56.24',1),('T',900265,'2007-08-20','4300000604','369.94','59.19','429.13',1),('T',900266,'2007-08-20','4300000692','6.00','0.96','6.96',1),('T',900267,'2007-08-20','4300000879','13.03','2.08','15.11',1),('T',900268,'2007-08-20','4300002117','11.21','1.79','13.01',1),('T',900269,'2007-08-20','4300001311','7.46','1.19','8.65',1),('T',900270,'2007-08-20','4300001356','6.00','0.96','6.96',1),('T',900271,'2007-08-20','4300002126','32.51','5.20','37.72',1),('T',900272,'2007-08-20','4300001063','6.00','0.96','6.96',1),('T',900273,'2007-08-20','4300001331','159.42','25.50','184.93',1),('T',900274,'2007-08-20','4300000398','18.43','2.94','21.38',1),('T',900276,'2007-08-20','4300004500','75.92','12.14','88.07',1),('T',900277,'2007-08-20','4300000952','21.20','3.39','24.60',1),('T',900278,'2007-08-20','4300000275','14.96','2.39','17.35',1),('T',900279,'2007-08-20','4300001730','20.47','3.27','23.74',1),('T',900280,'2007-08-20','4300002072','12.67','2.02','14.70',1),('T',900281,'2007-08-20','4300000390','30.86','4.93','35.79',1),('T',900282,'2007-08-20','4300000116','6.00','0.96','6.96',1),('T',900283,'2007-08-20','4300001000','19.17','3.06','22.24',1),('T',900284,'2007-08-20','4300000857','41.31','6.61','47.93',1),('T',900285,'2007-08-20','4300000487','23.82','3.81','27.63',1),('T',900286,'2007-08-20','4300000487','21.77','3.48','25.25',1),('T',900287,'2007-08-20','4300000487','12.09','1.93','14.02',1),('T',900288,'2007-08-20','4300000879','6.00','0.96','6.96',1),('T',900289,'2007-08-20','4300001117','40.26','6.44','46.70',1),('T',900290,'2007-08-20','4300001143','6.00','0.96','6.96',1),('T',900291,'2007-08-20','4300002043','16.44','2.63','19.07',1),('T',900292,'2007-08-20','4300000761','13.52','2.16','15.68',1),('T',900293,'2007-08-20','4300000979','16.83','2.69','19.53',1),('T',900294,'2007-08-20','4300000310','41.93','6.70','48.64',1),('T',900295,'2007-08-20','4300000371','13.53','2.16','15.70',1),('T',900296,'2007-08-20','4300001918','38.20','6.11','44.31',1),('T',900297,'2007-08-20','4300002017','6.00','0.96','6.96',1),('T',900298,'2007-08-20','4300001393','41.40','6.62','48.02',1),('T',900299,'2007-08-20','4300000357','12.66','2.02','14.69',1),('T',900300,'2007-08-20','4300000078','9.56','1.53','11.09',1),('T',900301,'2007-08-20','4300000588','14.25','2.28','16.53',1),('T',900302,'2007-10-18','4300001497','25.59','4.09','29.68',1),('T',900303,'2007-10-18','4300000212','17.93','2.86','20.79',1),('T',900304,'2007-10-18','4300001162','45.87','7.33','53.20',1),('T',900305,'2007-10-18','4300002116','39.76','6.36','46.12',1),('T',900306,'2007-10-18','4300000604','769.25','123.08','892.33',1),('T',900307,'2007-10-18','4300000692','6.00','0.96','6.96',1),('T',900308,'2007-10-18','4300000879','11.13','1.78','12.91',1),('T',900309,'2007-10-18','4300002117','13.82','2.21','16.03',1),('T',900310,'2007-10-18','4300001311','6.00','0.96','6.96',1),('T',900311,'2007-10-18','4300001356','6.00','0.96','6.96',1),('T',900312,'2007-10-18','4300002126','9.49','1.51','11.00',1),('T',900313,'2007-10-18','4300001063','7.88','1.26','9.14',1),('T',900314,'2007-10-18','4300001331','174.29','27.88','202.17',1),('T',900315,'2007-10-18','4300000398','13.70','2.19','15.89',1),('T',900317,'2007-10-18','4300004500','114.41','18.30','132.71',1),('T',900318,'2007-10-18','4300000952','21.85','3.49','25.34',1),('T',900320,'2007-10-18','4300000275','11.48','1.83','13.31',1),('T',900321,'2007-10-18','4300001730','18.43','2.94','21.37',1),('T',900322,'2007-10-18','4300002072','12.42','1.98','14.40',1),('T',900324,'2007-10-18','4300000390','6.00','0.96','6.96',1),('T',900325,'2007-10-18','4300000116','6.00','0.96','6.96',1),('T',900326,'2007-10-18','4300001000','19.15','3.06','22.21',1),('T',900327,'2007-10-18','4300000857','39.84','6.37','46.21',1),('T',900328,'2007-10-18','4300000487','30.39','4.86','35.25',1),('T',900329,'2007-10-18','4300000487','20.94','3.35','24.29',1),('T',900330,'2007-10-18','4300000487','11.96','1.91','13.87',1),('T',900331,'2007-10-18','4300000879','6.07','0.97','7.04',1),('T',900332,'2007-10-18','4300001117','18.14','2.90','21.04',1),('T',900333,'2007-10-18','4300001143','6.00','0.96','6.96',1),('T',900334,'2007-10-18','4300002043','23.57','3.77','27.34',1),('T',900335,'2007-10-18','4300000761','6.00','0.96','6.96',1),('T',900336,'2007-10-18','4300000979','12.83','2.05','14.88',1),('T',900337,'2007-10-18','4300000310','44.32','7.09','51.41',1),('T',900338,'2007-10-18','4300000371','6.00','0.96','6.96',1),('T',900339,'2007-10-18','4300001918','21.03','3.36','24.39',1),('T',900340,'2007-10-18','4300002017','11.85','1.89','13.74',1),('T',900341,'2007-10-18','4300001393','31.74','5.07','36.81',1),('T',900342,'2007-10-18','4300000357','6.00','0.96','6.96',1),('T',900343,'2007-10-18','4300000078','5.99','0.95','6.94',1),('T',900344,'2007-10-18','4300000588','6.00','0.96','6.96',1),('T',900345,'2007-11-06','4300001497','16.85','2.70','19.55',1),('T',900346,'2007-11-06','4300000212','15.06','2.41','17.47',1),('T',900347,'2007-11-06','4300000604','248.99','39.84','288.83',1),('T',900348,'2007-11-06','4300001162','35.26','5.64','40.90',1),('T',900349,'2007-11-06','4300002116','24.59','3.93','28.52',1),('T',900350,'2007-11-06','4300000692','6.00','0.96','6.96',1),('T',900351,'2007-11-06','4300000879','24.10','3.86','27.96',1),('T',900352,'2007-11-06','4300002117','9.54','1.53','11.07',1),('T',900353,'2007-11-06','4300001311','20.58','3.29','23.87',1),('T',900354,'2007-11-06','4300001356','6.00','0.96','6.96',1),('T',900355,'2007-11-06','4300002126','21.16','3.39','24.55',1),('T',900356,'2007-11-06','4300001063','6.00','0.96','6.96',1),('T',900357,'2007-11-06','4300001331','101.52','16.24','117.76',1),('T',900358,'2007-11-06','4300000398','19.78','3.16','22.94',1),('T',900360,'2007-11-06','4300004500','136.38','21.82','158.20',1),('T',900361,'2007-11-06','4300000952','9.82','1.57','11.39',1),('T',900362,'2007-11-06','4300001279','4.64','0.74','5.38',1),('T',900363,'2007-11-06','4300000275','26.49','4.24','30.73',1),('T',900364,'2007-11-06','4300001730','6.00','0.96','6.96',1),('T',900365,'2007-11-06','4300002072','10.64','1.70','12.34',1),('T',900366,'2007-11-06','4300003014','6.00','0.96','6.96',1),('T',900367,'2007-11-06','4300000390','19.27','3.08','22.35',1),('T',900368,'2007-11-06','4300000116','6.00','0.96','6.96',1),('T',900369,'2007-11-06','4300001000','14.62','2.34','16.96',1),('T',900370,'2007-11-06','4300000857','55.45','8.87','64.32',1),('T',900371,'2007-11-06','4300000487','26.62','4.26','30.88',1),('T',900372,'2007-11-06','4300000487','18.37','2.94','21.31',1),('T',900373,'2007-11-06','4300000487','11.02','1.76','12.78',1),('T',900374,'2007-11-06','4300000879','6.00','0.96','6.96',1),('T',900375,'2007-11-06','4300001117','23.06','3.69','26.75',1),('T',900376,'2007-11-06','4300001143','6.00','0.96','6.96',1),('T',900377,'2007-11-06','4300002043','19.09','3.05','22.14',1),('T',900378,'2007-11-06','4300000761','6.00','0.96','6.96',1),('T',900379,'2007-11-06','4300000979','17.20','2.75','19.95',1),('T',900380,'2007-11-06','4300000310','44.97','7.20','52.17',1),('T',900381,'2007-11-06','4300000371','6.34','1.01','7.35',1),('T',900382,'2007-11-06','4300001918','16.37','2.62','18.99',1),('T',900383,'2007-11-06','4300002017','6.00','0.96','6.96',1),('T',900384,'2007-11-06','4300001393','36.05','5.77','41.82',1),('T',900385,'2007-11-06','4300000357','6.00','0.96','6.96',1),('T',900386,'2007-11-06','4300000078','6.69','1.07','7.76',1),('T',900387,'2007-11-06','4300000588','6.00','0.96','6.96',1),('T',900388,'2007-11-06','4300001497','6.00','0.96','6.96',1),('T',900389,'2007-11-06','4300000212','16.26','2.60','18.86',1),('T',900390,'2007-11-06','4300000604','196.03','31.36','227.39',1),('T',900391,'2007-11-06','4300001162','37.56','6.01','43.57',1),('T',900392,'2007-11-06','4300002116','21.74','3.48','25.22',1),('T',900393,'2007-11-06','4300000692','6.00','0.96','6.96',1),('T',900394,'2007-11-06','4300000879','34.45','5.51','39.96',1),('T',900395,'2007-11-06','4300002117','8.50','1.36','9.86',1),('T',900396,'2007-11-06','4300001311','9.36','1.50','10.86',1),('T',900397,'2007-11-06','4300001356','6.00','0.96','6.96',1),('T',900398,'2007-11-06','4300002126','22.35','3.58','25.93',1),('T',900399,'2007-11-06','4300001063','17.32','2.77','20.09',1),('T',900400,'2007-11-06','4300001331','75.35','12.06','87.41',1),('T',900401,'2007-11-06','4300000398','26.08','4.17','30.25',1),('T',900403,'2007-11-06','4300004500','153.67','24.59','178.26',1),('T',900404,'2007-11-06','4300000952','12.76','2.04','14.80',1),('T',900405,'2007-11-06','4300001279','6.00','0.96','6.96',1),('T',900406,'2007-11-06','4300000275','16.52','2.64','19.16',1),('T',900407,'2007-11-06','4300001730','11.80','1.89','13.69',1),('T',900408,'2007-11-06','4300002072','14.01','2.24','16.25',1),('T',900409,'2007-11-06','4300003014','6.00','0.96','6.96',1),('T',900410,'2007-11-06','4300000390','10.67','1.71','12.38',1),('T',900411,'2007-11-06','4300000116','6.00','0.96','6.96',1),('T',900412,'2007-11-06','4300001000','26.03','4.16','30.19',1),('T',900413,'2007-11-06','4300000857','42.63','6.82','49.45',1),('T',900414,'2007-11-06','4300000487','32.07','5.13','37.20',1),('T',900415,'2007-11-06','4300000487','17.20','2.75','19.95',1),('T',900416,'2007-11-06','4300000487','10.62','1.70','12.32',1),('T',900417,'2007-11-06','4300000879','6.00','0.96','6.96',1),('T',900418,'2007-11-06','4300001117','15.27','2.44','17.71',1),('T',900419,'2007-11-06','4300001143','6.43','1.03','7.46',1),('T',900420,'2007-11-06','4300002043','18.11','2.90','21.01',1),('T',900421,'2007-11-06','4300000761','5.37','0.86','6.23',1),('T',900422,'2007-11-06','4300000979','24.54','3.93','28.47',1),('T',900423,'2007-11-06','4300000310','41.01','6.56','47.57',1),('T',900424,'2007-11-06','4300000371','7.25','1.16','8.41',1),('T',900425,'2007-11-06','4300001918','16.81','2.69','19.50',1),('T',900426,'2007-11-06','4300002017','6.00','0.96','6.96',1),('T',900427,'2007-11-06','4300001393','22.46','3.59','26.05',1),('T',900428,'2007-11-06','4300000357','7.00','1.12','8.12',1),('T',900429,'2007-11-06','4300000078','6.00','0.96','6.96',1),('T',900430,'2007-11-06','4300001806','0.97','0.16','1.13',1),('T',900431,'2007-11-06','4300000588','6.00','0.96','6.96',1),('T',900433,'2007-12-10','4300000212','10.50','1.68','12.18',1),('T',900434,'2007-12-10','4300000604','84.57','13.53','98.10',1),('T',900435,'2007-12-10','4300001162','38.24','6.12','44.36',1),('T',900436,'2007-12-10','4300002116','25.83','4.13','29.96',1),('T',900437,'2007-12-10','4300000692','6.00','0.96','6.96',1),('T',900438,'2007-12-10','4300000879','25.57','4.09','29.66',1),('T',900439,'2007-12-10','4300002117','4.91','0.79','5.70',1),('T',900440,'2007-12-10','4300001311','22.65','3.62','26.27',1),('T',900441,'2007-12-10','4300001356','6.00','0.96','6.96',1),('T',900442,'2007-12-10','4300002126','13.31','2.13','15.44',1),('T',900443,'2007-12-10','4300001063','8.63','1.38','10.01',1),('T',900444,'2007-12-10','4300001331','62.14','9.94','72.08',1),('T',900445,'2007-12-10','4300000398','14.92','2.39','17.31',1),('T',900447,'2007-12-10','4300004500','114.44','18.31','132.75',1),('T',900448,'2007-12-10','4300000952','12.27','1.96','14.23',1),('T',900449,'2007-12-10','4300001279','6.00','0.96','6.96',1),('T',900450,'2007-12-10','4300000275','14.08','2.25','16.33',1),('T',900451,'2007-12-10','4300001806','19.82','3.17','22.99',1),('T',900452,'2007-12-10','4300001730','9.70','1.55','11.25',1),('T',900453,'2007-12-10','4300002072','13.07','2.09','15.16',1),('T',900454,'2007-12-10','4300003014','6.00','0.96','6.96',1),('T',900455,'2007-12-10','4300000390','6.00','0.96','6.96',1),('T',900456,'2007-12-10','4300000116','6.00','0.96','6.96',1),('T',900457,'2007-12-10','4300001000','6.00','0.96','6.96',1),('T',900458,'2007-12-10','4300000857','49.48','7.92','57.40',1),('T',900459,'2007-12-10','4300000487','31.42','5.03','36.45',1),('T',900460,'2007-12-10','4300000487','17.90','2.86','20.76',1),('T',900461,'2007-12-10','4300000487','7.97','1.28','9.25',1),('T',900462,'2007-12-10','4300000879','6.78','1.08','7.86',1),('T',900463,'2007-12-10','4300001117','8.15','1.30','9.45',1),('T',900464,'2007-12-10','4300001143','7.68','1.23','8.91',1),('T',900465,'2007-12-10','4300002043','19.43','3.11','22.54',1),('T',900467,'2007-12-10','4300000761','6.00','0.96','6.96',1),('T',900468,'2007-12-10','4300000979','15.00','2.40','17.40',1),('T',900469,'2007-12-10','4300000310','39.75','6.36','46.11',1),('T',900470,'2007-12-10','4300000371','16.06','2.57','18.63',1),('T',900471,'2007-12-10','4300001918','14.07','2.25','16.32',1),('T',900472,'2007-12-10','4300002017','6.00','0.96','6.96',1),('T',900473,'2007-12-10','4300001393','16.05','2.57','18.62',1),('T',900474,'2007-12-10','4300000357','6.00','0.96','6.96',1),('T',900475,'2007-12-10','4300000078','6.00','0.96','6.96',1),('T',900476,'2007-12-10','4300000588','6.11','0.98','7.09',1),('T',900477,'2008-01-23','1290000000','10.00','15.00','1015.00',0);

/*Table structure for table `tmpinformes` */

CREATE TABLE `tmpinformes` (
  `codusu` smallint(3) unsigned NOT NULL default '0',
  `codigo1` int(6) unsigned NOT NULL default '0',
  `fecha1` date default NULL,
  `fecha2` date default NULL,
  `campo1` smallint(4) unsigned default NULL,
  `campo2` smallint(4) unsigned default NULL,
  `nombre1` varchar(40) default NULL,
  `importe1` decimal(12,2) default NULL,
  `importe2` decimal(12,2) default NULL,
  `importe3` decimal(12,2) default NULL,
  `importe4` decimal(12,2) default NULL,
  `importe5` decimal(12,2) default NULL,
  `importe6` decimal(12,2) default NULL,
  `porcen1` decimal(5,2) default NULL,
  `porcen2` decimal(5,2) default NULL,
  `importeb1` decimal(12,2) default NULL,
  `importeb2` decimal(12,2) default NULL,
  `importeb3` decimal(12,2) default NULL,
  `importeb4` decimal(12,2) default NULL,
  `importeb5` decimal(12,2) default NULL,
  `importeb6` decimal(12,2) default NULL,
  `nombre2` varchar(40) default NULL
) ENGINE=MyISAM DEFAULT CHARSET=latin1 COMMENT='Temporal para informes';

/*Data for the table `tmpinformes` */

/*Table structure for table `usuarios` */

CREATE TABLE `usuarios` (
  `codusu` smallint(1) unsigned NOT NULL default '0',
  `nomusu` char(30) NOT NULL default '',
  `dirfich` char(255) default NULL,
  `nivelusu` tinyint(1) NOT NULL default '-1',
  `login` char(20) NOT NULL default '',
  `passwordpropio` char(20) NOT NULL default '',
  `nivelusuges` tinyint(4) NOT NULL default '-1',
  PRIMARY KEY  (`codusu`)
) ENGINE=MyISAM DEFAULT CHARSET=latin1;

/*Data for the table `usuarios` */

insert into `usuarios` (`codusu`,`nomusu`,`dirfich`,`nivelusu`,`login`,`passwordpropio`,`nivelusuges`) values (0,'root',NULL,0,'root','aritel',0),(1,'Mª Jose Rubio',NULL,-1,'mjose','mjose',1),(2,'Eva Llorens',NULL,-1,'eva','eva',1),(3,'Clara Bartual',NULL,-1,'clara','clara',1);

/*Table structure for table `zbloqueos` */

CREATE TABLE `zbloqueos` (
  `codusu` smallint(1) unsigned NOT NULL default '0',
  `tabla` char(20) NOT NULL default '',
  `clave` char(30) NOT NULL default '',
  PRIMARY KEY  (`tabla`,`clave`)
) ENGINE=MyISAM DEFAULT CHARSET=latin1;

/*Data for the table `zbloqueos` */

SET SQL_MODE=@OLD_SQL_MODE;
SET FOREIGN_KEY_CHECKS=@OLD_FOREIGN_KEY_CHECKS;
